1.426361099999999915e+01 3.729249999999999687e+01 0.000000000000000000e+00
8.420555000000000234e+00 4.613805399999999679e+01 0.000000000000000000e+00
9.239041000000000281e+00 4.476803199999999805e+01 0.000000000000000000e+00
1.438666599999999995e+01 3.749972000000000349e+01 0.000000000000000000e+00
8.274445000000000050e+00 4.582027999999999679e+01 0.000000000000000000e+00
1.441611100000000079e+01 3.762500000000000000e+01 0.000000000000000000e+00
9.216637999999999664e+00 4.468377699999999919e+01 0.000000000000000000e+00
6.963611000000000217e+00 4.570971999999999724e+01 0.000000000000000000e+00
1.431777800000000056e+01 3.723416499999999729e+01 0.000000000000000000e+00
9.194983000000000573e+00 4.491248999999999825e+01 0.000000000000000000e+00
1.438666599999999995e+01 3.764055599999999657e+01 0.000000000000000000e+00
1.436861099999999958e+01 3.756000000000000227e+01 0.000000000000000000e+00
1.410694400000000037e+01 3.755583200000000232e+01 0.000000000000000000e+00
7.382500000000000284e+00 4.559583299999999895e+01 0.000000000000000000e+00
1.521222200000000058e+01 3.814138799999999918e+01 0.000000000000000000e+00
1.545361100000000043e+01 3.822167000000000314e+01 0.000000000000000000e+00
7.342500000000000249e+00 4.582555399999999679e+01 0.000000000000000000e+00
1.539111100000000043e+01 3.807750000000000057e+01 0.000000000000000000e+00
1.538138900000000042e+01 3.815861000000000303e+01 0.000000000000000000e+00
1.532527699999999982e+01 3.807333400000000267e+01 0.000000000000000000e+00
7.821388699999999972e+00 4.583250000000000313e+01 0.000000000000000000e+00
1.528416600000000081e+01 3.813360999999999734e+01 0.000000000000000000e+00
7.617856500000000253e+00 4.574242799999999676e+01 0.000000000000000000e+00
1.543388799999999961e+01 3.819360999999999962e+01 0.000000000000000000e+00
6.950000000000000178e+00 4.575833500000000242e+01 0.000000000000000000e+00
1.552222249999999981e+01 3.825388699999999886e+01 0.000000000000000000e+00
1.532111100000000015e+01 3.815833299999999895e+01 0.000000000000000000e+00
1.505694500000000069e+01 3.790999999999999659e+01 0.000000000000000000e+00
1.030595199999999956e+01 4.645356400000000008e+01 2.000000000000000111e-01
1.511833299999999980e+01 3.788055399999999651e+01 0.000000000000000000e+00
1.517888899999999985e+01 3.798277699999999868e+01 0.000000000000000000e+00
1.512722199999999972e+01 3.803916499999999701e+01 0.000000000000000000e+00
1.513694500000000076e+01 3.767027699999999868e+01 0.000000000000000000e+00
1.514083300000000065e+01 3.758361000000000018e+01 0.000000000000000000e+00
1.510055499999999995e+01 3.800889000000000095e+01 0.000000000000000000e+00
1.516999999999999993e+01 3.780472000000000321e+01 0.000000000000000000e+00
1.504083299999999923e+01 3.748805600000000027e+01 0.000000000000000000e+00
1.507888900000000021e+01 3.754138999999999982e+01 0.000000000000000000e+00
7.018055399999999722e+00 4.579583399999999926e+01 1.800292999999999921e+00
9.571115999999999957e+00 4.602618999999999971e+01 0.000000000000000000e+00
1.517527800000000049e+01 3.776138999999999868e+01 0.000000000000000000e+00
1.537222200000000072e+01 3.821444300000000283e+01 0.000000000000000000e+00
1.518500000000000050e+01 3.772138999999999953e+01 0.000000000000000000e+00
1.503944399999999959e+01 3.758944300000000283e+01 0.000000000000000000e+00
1.514638899999999921e+01 3.756583400000000239e+01 0.000000000000000000e+00
1.481805499999999931e+01 3.737277600000000177e+01 0.000000000000000000e+00
1.479277800000000020e+01 3.750083000000000055e+01 0.000000000000000000e+00
1.482000000000000028e+01 3.729500000000000171e+01 0.000000000000000000e+00
1.475138899999999964e+01 3.732388999999999868e+01 0.000000000000000000e+00
7.057222399999999674e+00 4.561388800000000288e+01 0.000000000000000000e+00
1.014825599999999994e+01 4.612968000000000046e+01 1.199999999999999956e+00
1.411472200000000043e+01 3.768999999999999773e+01 0.000000000000000000e+00
1.403277800000000042e+01 3.767805500000000052e+01 0.000000000000000000e+00
7.857499999999999929e+00 4.563110999999999962e+01 0.000000000000000000e+00
1.395027699999999982e+01 3.754805400000000049e+01 0.000000000000000000e+00
1.494611100000000015e+01 3.813860999999999990e+01 0.000000000000000000e+00
1.512972300000000025e+01 3.794360999999999962e+01 0.000000000000000000e+00
1.484444399999999931e+01 3.810861200000000082e+01 0.000000000000000000e+00
7.344166799999999995e+00 4.558666600000000102e+01 1.997070300000000076e-01
1.383138800000000046e+01 3.774805500000000080e+01 0.000000000000000000e+00
1.373388899999999957e+01 3.751777599999999779e+01 0.000000000000000000e+00
1.047281699999999915e+01 4.617700200000000166e+01 2.600000000000000089e+00
1.382861100000000043e+01 3.761416599999999733e+01 0.000000000000000000e+00
1.375694499999999998e+01 3.777416600000000102e+01 0.000000000000000000e+00
1.488972200000000079e+01 3.811277799999999871e+01 0.000000000000000000e+00
7.300555700000000314e+00 4.588139000000000323e+01 0.000000000000000000e+00
1.373333399999999926e+01 3.746944400000000286e+01 0.000000000000000000e+00
7.159444299999999650e+00 4.583083299999999838e+01 2.001953099999999874e-01
1.450666700000000020e+01 3.723944500000000346e+01 0.000000000000000000e+00
7.545277600000000362e+00 4.561583300000000207e+01 0.000000000000000000e+00
1.447611099999999951e+01 3.713722200000000129e+01 0.000000000000000000e+00
7.622778000000000276e+00 4.584444400000000286e+01 7.998047000000000351e-01
1.463111100000000064e+01 3.722444500000000289e+01 0.000000000000000000e+00
1.481083300000000058e+01 3.808611299999999744e+01 0.000000000000000000e+00
1.474277799999999949e+01 3.808471999999999724e+01 0.000000000000000000e+00
9.793798999999999921e+00 4.603852499999999992e+01 1.400000099999999970e+00
1.472333300000000023e+01 3.805749999999999744e+01 0.000000000000000000e+00
1.471277800000000013e+01 3.802444500000000005e+01 0.000000000000000000e+00
1.466999999999999993e+01 3.805416499999999758e+01 0.000000000000000000e+00
1.462833299999999959e+01 3.805360999999999905e+01 0.000000000000000000e+00
1.484972199999999987e+01 3.799638699999999858e+01 0.000000000000000000e+00
1.476750000000000007e+01 3.796861299999999773e+01 0.000000000000000000e+00
1.471222200000000058e+01 3.795583299999999838e+01 0.000000000000000000e+00
1.495250000000000057e+01 3.751333199999999835e+01 0.000000000000000000e+00
1.446638899999999950e+01 3.728999999999999915e+01 0.000000000000000000e+00
1.423416699999999935e+01 4.086555500000000052e+01 1.599975600000000053e+00
1.371388900000000000e+01 3.771888700000000227e+01 0.000000000000000000e+00
1.339233699999999949e+01 4.598035399999999839e+01 0.000000000000000000e+00
1.018872799999999934e+01 4.647730599999999868e+01 0.000000000000000000e+00
1.375861100000000015e+01 3.791583299999999923e+01 0.000000000000000000e+00
1.349527699999999975e+01 3.776083400000000267e+01 0.000000000000000000e+00
9.447222000000000008e+00 4.454860999999999649e+01 0.000000000000000000e+00
1.369305499999999931e+01 3.784722000000000008e+01 0.000000000000000000e+00
1.408722200000000058e+01 3.719166599999999789e+01 0.000000000000000000e+00
1.329916700000000063e+01 4.636722000000000321e+01 1.999969500000000067e-01
1.350555499999999931e+01 3.800416599999999789e+01 0.000000000000000000e+00
1.342361099999999929e+01 4.133888999999999925e+01 0.000000000000000000e+00
1.401472200000000079e+01 3.715805399999999992e+01 0.000000000000000000e+00
1.379611099999999979e+01 3.725916699999999793e+01 0.000000000000000000e+00
9.611389000000000848e+00 4.454416700000000162e+01 0.000000000000000000e+00
1.398805499999999924e+01 3.739055599999999657e+01 0.000000000000000000e+00
1.081166649999999940e+01 4.431694399999999945e+01 0.000000000000000000e+00
1.345305500000000087e+01 3.738027999999999906e+01 0.000000000000000000e+00
1.378777799999999942e+01 3.728499999999999659e+01 0.000000000000000000e+00
1.348944499999999991e+01 3.790805399999999992e+01 0.000000000000000000e+00
1.356250000000000000e+01 3.792360999999999649e+01 0.000000000000000000e+00
9.884520000000000195e+00 4.629290400000000005e+01 4.000000000000000222e-01
1.336583300000000030e+01 3.804388800000000259e+01 0.000000000000000000e+00
1.475111099999999986e+01 4.072555499999999995e+01 3.199951200000000107e+00
1.277944500000000083e+01 4.169471999999999667e+01 0.000000000000000000e+00
1.351777700000000060e+01 3.740694400000000286e+01 0.000000000000000000e+00
1.415055599999999991e+01 3.799499999999999744e+01 0.000000000000000000e+00
1.412777799999999928e+01 4.083083299999999838e+01 1.199951200000000107e+00
1.420166700000000048e+01 3.774750000000000227e+01 0.000000000000000000e+00
1.337406700000000015e+01 4.568083599999999933e+01 0.000000000000000000e+00
1.424388899999999936e+01 3.785083399999999898e+01 0.000000000000000000e+00
1.415472199999999958e+01 3.792111200000000082e+01 0.000000000000000000e+00
1.309138899999999950e+01 3.795444499999999977e+01 0.000000000000000000e+00
9.756104000000000553e+00 4.604249000000000080e+01 1.000000000000000000e+00
1.326527800000000035e+01 3.793305600000000055e+01 0.000000000000000000e+00
1.145718899999999962e+01 4.463313300000000083e+01 0.000000000000000000e+00
9.538885999999999754e+00 4.597360599999999664e+01 2.000000000000000111e-01
1.322861100000000079e+01 3.787583000000000055e+01 0.000000000000000000e+00
1.428749999999999964e+01 4.122361000000000075e+01 1.400024399999999947e+00
9.672774000000000427e+00 4.594610999999999734e+01 2.000000000000000111e-01
1.334416700000000056e+01 3.784805699999999717e+01 0.000000000000000000e+00
1.152328400000000030e+01 4.574036799999999658e+01 0.000000000000000000e+00
1.305361100000000008e+01 3.783222200000000157e+01 0.000000000000000000e+00
1.046166700000000027e+01 4.436388800000000288e+01 0.000000000000000000e+00
1.388277800000000006e+01 3.794305399999999651e+01 0.000000000000000000e+00
1.500500000000000078e+01 3.752333500000000299e+01 0.000000000000000000e+00
1.461640000000000050e+01 4.081689999999999685e+01 3.200012200000000195e+00
1.394111200000000039e+01 3.792389000000000010e+01 0.000000000000000000e+00
1.531333350000000060e+01 4.042305400000000049e+01 0.000000000000000000e+00
9.412264000000000408e+00 4.615032200000000273e+01 0.000000000000000000e+00
6.995829999999999771e+00 4.581389999999999674e+01 0.000000000000000000e+00
1.476999999999999957e+01 3.720638999999999896e+01 0.000000000000000000e+00
1.464472199999999980e+01 3.727194599999999980e+01 0.000000000000000000e+00
9.208332999999999657e+00 4.453055599999999714e+01 5.996093999999999591e-01
1.397083399999999997e+01 3.796888700000000227e+01 0.000000000000000000e+00
1.484611100000000050e+01 3.808361000000000018e+01 0.000000000000000000e+00
1.455583299999999980e+01 3.800972399999999851e+01 0.000000000000000000e+00
1.401166599999999995e+01 3.794833400000000267e+01 0.000000000000000000e+00
1.444999999999999929e+01 3.802138999999999669e+01 0.000000000000000000e+00
1.389888900000000049e+01 4.072167000000000314e+01 7.999878000000000267e-01
1.459833300000000023e+01 4.102083199999999863e+01 2.599975600000000053e+00
1.447583299999999973e+01 3.780499999999999972e+01 0.000000000000000000e+00
1.098759800000000020e+01 4.474772999999999712e+01 0.000000000000000000e+00
1.442249999999999943e+01 3.792777600000000149e+01 0.000000000000000000e+00
1.576222199999999951e+01 4.013444499999999948e+01 0.000000000000000000e+00
1.471583399999999919e+01 3.784722000000000008e+01 0.000000000000000000e+00
1.438833299999999937e+01 3.723499999999999943e+01 0.000000000000000000e+00
1.444111200000000039e+01 3.721471999999999980e+01 0.000000000000000000e+00
1.400722200000000051e+01 3.787749999999999773e+01 0.000000000000000000e+00
7.282593000000000316e+00 4.488530300000000040e+01 0.000000000000000000e+00
7.901460600000000056e+00 4.451698700000000031e+01 0.000000000000000000e+00
1.402472200000000058e+01 3.798749999999999716e+01 0.000000000000000000e+00
8.277839999999999421e+00 4.571221500000000049e+01 0.000000000000000000e+00
1.458305550000000039e+01 3.713250000000000028e+01 0.000000000000000000e+00
1.449750000000000050e+01 3.710222199999999759e+01 0.000000000000000000e+00
1.350138899999999964e+01 3.806694399999999945e+01 0.000000000000000000e+00
8.018055999999999628e+00 4.457361199999999712e+01 0.000000000000000000e+00
1.434055500000000016e+01 3.797416700000000134e+01 0.000000000000000000e+00
9.155556000000000694e+00 4.451583500000000271e+01 2.011718799999999974e-01
1.358361149999999995e+01 3.802444500000000005e+01 0.000000000000000000e+00
8.742722999999999800e+00 4.600413499999999800e+01 0.000000000000000000e+00
7.151666600000000429e+00 4.470110999999999990e+01 0.000000000000000000e+00
1.435444449999999961e+01 3.801222200000000129e+01 0.000000000000000000e+00
7.814721999999999724e+00 4.439166600000000074e+01 0.000000000000000000e+00
1.438138900000000042e+01 3.789138799999999918e+01 0.000000000000000000e+00
8.573911000000000726e+00 4.577080500000000285e+01 0.000000000000000000e+00
9.508684999999999832e+00 4.531907999999999959e+01 0.000000000000000000e+00
1.491499999999999915e+01 3.772583399999999898e+01 0.000000000000000000e+00
1.472277700000000067e+01 3.778694500000000289e+01 0.000000000000000000e+00
9.100367999999999569e+00 4.571853300000000075e+01 8.000000000000000444e-01
7.867472600000000149e+00 4.411781299999999817e+01 0.000000000000000000e+00
9.299103999999999814e+00 4.563517800000000335e+01 0.000000000000000000e+00
1.466166699999999956e+01 3.768139000000000038e+01 0.000000000000000000e+00
8.276111000000000217e+00 4.509416600000000130e+01 0.000000000000000000e+00
9.232367500000000504e+00 4.583538399999999768e+01 1.000000000000000000e+00
1.470611099999999993e+01 3.773027799999999843e+01 0.000000000000000000e+00
1.473194400000000037e+01 3.762166599999999761e+01 0.000000000000000000e+00
9.079902000000000584e+00 4.582025500000000306e+01 0.000000000000000000e+00
1.396361100000000022e+01 3.766861000000000104e+01 0.000000000000000000e+00
8.636110999999999649e+00 4.464694599999999980e+01 0.000000000000000000e+00
1.336805500000000002e+01 3.807249999999999801e+01 0.000000000000000000e+00
8.529522999999999300e+00 4.591138000000000119e+01 0.000000000000000000e+00
1.272166600000000081e+01 3.759194600000000008e+01 0.000000000000000000e+00
1.331194400000000044e+01 3.818944499999999920e+01 0.000000000000000000e+00
1.290555600000000069e+01 3.769555700000000087e+01 0.000000000000000000e+00
1.282722200000000079e+01 3.774638699999999858e+01 0.000000000000000000e+00
7.922221999999999653e+00 4.475139000000000067e+01 0.000000000000000000e+00
1.258444399999999952e+01 3.787416999999999945e+01 0.000000000000000000e+00
1.324527699999999975e+01 3.820221999999999696e+01 0.000000000000000000e+00
1.294861099999999965e+01 3.785444300000000339e+01 0.000000000000000000e+00
9.146663999999999461e+00 4.518062199999999962e+01 0.000000000000000000e+00
1.323527799999999921e+01 3.812972299999999848e+01 0.000000000000000000e+00
7.304166999999999632e+00 4.531666599999999789e+01 0.000000000000000000e+00
1.282194400000000023e+01 3.786500000000000199e+01 0.000000000000000000e+00
1.070629199999999948e+01 4.539264000000000010e+01 0.000000000000000000e+00
7.052777999999999992e+00 4.461388800000000288e+01 0.000000000000000000e+00
1.263111100000000064e+01 3.798389000000000237e+01 0.000000000000000000e+00
9.449270000000000280e+00 4.429552000000000334e+01 4.000000000000000222e-01
7.275000000000000355e+00 4.420833199999999863e+01 0.000000000000000000e+00
1.025974899999999934e+01 4.598580599999999663e+01 2.399999999999999911e+00
1.279305599999999998e+01 3.794583500000000242e+01 0.000000000000000000e+00
8.170833999999999264e+00 4.441388700000000256e+01 0.000000000000000000e+00
1.015694399999999931e+01 4.581611000000000189e+01 2.000000000000000111e-01
1.232583299999999937e+01 3.792722299999999791e+01 0.000000000000000000e+00
9.956880999999999204e+00 4.566593600000000208e+01 0.000000000000000000e+00
1.511472200000000043e+01 3.718055700000000030e+01 0.000000000000000000e+00
1.032222299999999926e+01 4.560972000000000293e+01 0.000000000000000000e+00
1.508194400000000002e+01 3.725249999999999773e+01 0.000000000000000000e+00
1.026317700000000066e+01 4.578138400000000274e+01 4.000000000000000222e-01
1.273333399999999926e+01 3.818889000000000067e+01 0.000000000000000000e+00
7.944444700000000026e+00 4.421111299999999744e+01 0.000000000000000000e+00
9.710184999999999178e+00 4.571898000000000195e+01 0.000000000000000000e+00
8.092499999999999361e+00 4.468694299999999942e+01 0.000000000000000000e+00
1.281833400000000012e+01 3.799860999999999933e+01 0.000000000000000000e+00
8.742763999999999314e+00 4.590332000000000079e+01 0.000000000000000000e+00
8.890542999999999196e+00 4.584610700000000350e+01 0.000000000000000000e+00
1.278777799999999942e+01 3.802555499999999711e+01 0.000000000000000000e+00
8.113889000000000351e+00 4.437777700000000181e+01 0.000000000000000000e+00
8.879675000000000651e+00 4.534141999999999939e+01 0.000000000000000000e+00
1.458000000000000007e+01 3.774777600000000177e+01 0.000000000000000000e+00
8.344443999999999306e+00 4.475833500000000242e+01 0.000000000000000000e+00
1.128992599999999946e+01 4.501536000000000115e+01 0.000000000000000000e+00
1.281722300000000025e+01 3.806860999999999962e+01 0.000000000000000000e+00
8.463333000000000439e+00 4.467833300000000207e+01 0.000000000000000000e+00
8.638185500000000516e+00 4.591099499999999978e+01 0.000000000000000000e+00
1.269611100000000015e+01 3.808111199999999741e+01 0.000000000000000000e+00
7.241944300000000112e+00 4.481194299999999942e+01 0.000000000000000000e+00
1.375638900000000042e+01 3.785194400000000314e+01 0.000000000000000000e+00
8.618684999999999263e+00 4.590991199999999850e+01 0.000000000000000000e+00
8.081523000000000678e+00 4.484217000000000297e+01 0.000000000000000000e+00
8.030556000000000694e+00 4.478055599999999714e+01 0.000000000000000000e+00
1.010276299999999949e+01 4.597746000000000066e+01 2.200000000000000178e+00
1.503138900000000078e+01 3.722027599999999836e+01 0.000000000000000000e+00
8.174443999999999377e+00 4.451111199999999712e+01 0.000000000000000000e+00
1.513250000000000028e+01 3.709111000000000047e+01 0.000000000000000000e+00
7.979166499999999829e+00 4.449527700000000152e+01 0.000000000000000000e+00
1.516527750000000019e+01 3.716082999999999714e+01 0.000000000000000000e+00
8.158333999999999975e+00 4.471666700000000105e+01 0.000000000000000000e+00
8.050278000000000489e+00 4.463889000000000351e+01 0.000000000000000000e+00
1.326249999999999929e+01 3.770611199999999741e+01 0.000000000000000000e+00
8.164999999999999147e+00 4.454639000000000237e+01 0.000000000000000000e+00
7.137500000000000178e+00 4.546944400000000286e+01 0.000000000000000000e+00
1.506333350000000060e+01 3.756305700000000058e+01 0.000000000000000000e+00
7.657222299999999926e+00 4.423361200000000082e+01 0.000000000000000000e+00
1.327277800000000063e+01 3.767360999999999649e+01 0.000000000000000000e+00
6.939721999999999724e+00 4.439249999999999829e+01 0.000000000000000000e+00
8.466699999999999449e+00 4.436637999999999948e+01 0.000000000000000000e+00
1.479083299999999923e+01 3.709861000000000075e+01 0.000000000000000000e+00
8.386110999999999649e+00 4.452221999999999724e+01 0.000000000000000000e+00
8.877777999999999281e+00 4.458888999999999925e+01 2.001953099999999874e-01
1.493777749999999926e+01 3.712250000000000227e+01 0.000000000000000000e+00
7.519444499999999643e+00 4.534166700000000105e+01 0.000000000000000000e+00
1.512444400000000044e+01 3.706944299999999970e+01 0.000000000000000000e+00
8.175000000000000711e+00 4.474444600000000349e+01 0.000000000000000000e+00
1.502722299999999933e+01 3.708500000000000085e+01 0.000000000000000000e+00
8.155556000000000694e+00 4.567722299999999791e+01 0.000000000000000000e+00
1.502666699999999977e+01 3.695110999999999990e+01 0.000000000000000000e+00
8.002777999999999281e+00 4.511944600000000349e+01 0.000000000000000000e+00
9.431832999999999245e+00 3.990283199999999653e+01 0.000000000000000000e+00
1.624611000000000161e+01 4.074166499999999758e+01 0.000000000000000000e+00
1.492444399999999938e+01 3.682305499999999654e+01 0.000000000000000000e+00
1.580222200000000043e+01 4.072972000000000037e+01 0.000000000000000000e+00
9.476611000000000118e+00 3.983719599999999872e+01 0.000000000000000000e+00
1.500249999999999950e+01 3.685472000000000037e+01 0.000000000000000000e+00
1.665681800000000123e+01 4.039045699999999783e+01 0.000000000000000000e+00
1.502388900000000049e+01 3.678417000000000314e+01 0.000000000000000000e+00
1.644805500000000009e+01 4.049027600000000149e+01 0.000000000000000000e+00
9.265777999999999182e+00 3.948588999999999771e+01 7.998047000000000351e-01
1.514722249999999981e+01 3.690944300000000311e+01 0.000000000000000000e+00
1.702777899999999889e+01 3.907222399999999851e+01 0.000000000000000000e+00
1.502333400000000019e+01 3.691028000000000020e+01 0.000000000000000000e+00
1.505944399999999916e+01 3.776555599999999657e+01 0.000000000000000000e+00
1.526388900000000071e+01 3.786972000000000094e+01 0.000000000000000000e+00
1.530166600000000088e+01 3.788305700000000087e+01 0.000000000000000000e+00
1.701527799999999857e+01 3.903666700000000134e+01 0.000000000000000000e+00
1.527888899999999950e+01 3.790888999999999953e+01 0.000000000000000000e+00
1.712777699999999825e+01 3.901389000000000351e+01 0.000000000000000000e+00
1.532861100000000043e+01 3.792000000000000171e+01 0.000000000000000000e+00
1.713555500000000009e+01 3.908221000000000345e+01 1.997070300000000076e-01
1.521361100000000022e+01 3.788555499999999654e+01 0.000000000000000000e+00
1.398555600000000076e+01 4.175000000000000000e+01 1.451999499999999898e+03
1.538444400000000023e+01 3.799110999999999905e+01 0.000000000000000000e+00
1.578666699999999956e+01 4.029860999999999649e+01 0.000000000000000000e+00
1.519138899999999914e+01 3.793639000000000294e+01 0.000000000000000000e+00
1.449666700000000041e+01 4.108777599999999808e+01 1.600036599999999920e+00
1.511555599999999977e+01 3.763638999999999868e+01 0.000000000000000000e+00
1.532777800000000035e+01 3.795805699999999661e+01 0.000000000000000000e+00
1.523222299999999940e+01 3.803833399999999898e+01 0.000000000000000000e+00
1.369166700000000070e+01 4.272972000000000037e+01 0.000000000000000000e+00
1.435645599999999966e+01 4.195488699999999938e+01 0.000000000000000000e+00
1.553999999999999915e+01 3.822222000000000008e+01 0.000000000000000000e+00
1.555638899999999936e+01 3.824278000000000333e+01 0.000000000000000000e+00
1.391416599999999981e+01 3.721055599999999686e+01 0.000000000000000000e+00
1.484222199999999958e+01 4.082639000000000351e+01 3.799926800000000160e+00
1.551166599999999995e+01 3.829083299999999923e+01 0.000000000000000000e+00
9.500000000000000000e+00 4.464305499999999682e+01 0.000000000000000000e+00
1.449166699999999963e+01 3.702000000000000313e+01 0.000000000000000000e+00
1.550027749999999926e+01 3.817166499999999729e+01 0.000000000000000000e+00
1.553444499999999984e+01 3.819166599999999789e+01 0.000000000000000000e+00
1.550555499999999931e+01 3.813000000000000256e+01 0.000000000000000000e+00
1.544916599999999995e+01 3.812610999999999706e+01 0.000000000000000000e+00
1.430277799999999999e+01 3.771916600000000130e+01 0.000000000000000000e+00
1.323638900000000085e+01 4.605777700000000152e+01 0.000000000000000000e+00
1.479111100000000079e+01 3.785111200000000053e+01 0.000000000000000000e+00
1.485944499999999913e+01 3.783138999999999896e+01 0.000000000000000000e+00
1.351333299999999937e+01 4.590277999999999992e+01 1.999511700000000114e-01
1.479444400000000037e+01 3.765583399999999870e+01 0.000000000000000000e+00
1.449138899999999985e+01 4.103528000000000020e+01 2.000000000000000000e+00
1.429083299999999923e+01 3.792611000000000132e+01 0.000000000000000000e+00
1.421502800000000022e+01 4.218827999999999889e+01 0.000000000000000000e+00
1.441194400000000009e+01 3.781333000000000055e+01 0.000000000000000000e+00
1.165923300000000040e+01 4.586245300000000213e+01 0.000000000000000000e+00
8.160555999999999699e+00 4.589721999999999724e+01 0.000000000000000000e+00
1.500500000000000078e+01 3.729694400000000343e+01 0.000000000000000000e+00
1.459388900000000078e+01 4.072888999999999982e+01 2.799987799999999805e+00
1.493972199999999972e+01 3.719277999999999906e+01 0.000000000000000000e+00
1.438847200000000015e+01 4.221819299999999942e+01 0.000000000000000000e+00
1.531222250000000074e+01 3.800610999999999962e+01 0.000000000000000000e+00
1.536916599999999988e+01 3.797999999999999687e+01 0.000000000000000000e+00
1.488722199999999951e+01 3.699805500000000080e+01 0.000000000000000000e+00
1.482805500000000087e+01 3.692499999999999716e+01 0.000000000000000000e+00
1.020083299999999937e+01 4.436194600000000321e+01 4.003906199999999749e-01
1.484277799999999914e+01 3.686305600000000027e+01 0.000000000000000000e+00
1.477333400000000019e+01 3.689110999999999763e+01 0.000000000000000000e+00
1.427677599999999991e+01 4.242222999999999900e+01 0.000000000000000000e+00
1.481916700000000020e+01 3.679860999999999649e+01 0.000000000000000000e+00
1.453388900000000028e+01 4.070777999999999963e+01 3.200012200000000195e+00
1.458444399999999952e+01 3.682750000000000057e+01 0.000000000000000000e+00
1.439180600000000076e+01 4.234911000000000314e+01 0.000000000000000000e+00
1.142694499999999991e+01 4.492166499999999729e+01 0.000000000000000000e+00
1.407111100000000015e+01 3.729722199999999788e+01 0.000000000000000000e+00
1.486361100000000057e+01 3.816194500000000289e+01 0.000000000000000000e+00
1.305083400000000005e+01 4.149139000000000266e+01 0.000000000000000000e+00
1.421472299999999933e+01 3.714611000000000018e+01 0.000000000000000000e+00
1.420833299999999966e+01 3.725833500000000242e+01 0.000000000000000000e+00
1.388652800000000020e+01 4.225099999999999767e+01 0.000000000000000000e+00
1.460166599999999981e+01 3.695221999999999696e+01 0.000000000000000000e+00
1.366888900000000007e+01 3.764805599999999686e+01 0.000000000000000000e+00
1.457666700000000048e+01 4.092722299999999791e+01 2.599975600000000053e+00
1.362305500000000080e+01 3.763527700000000209e+01 0.000000000000000000e+00
1.456416699999999942e+01 3.688389000000000095e+01 0.000000000000000000e+00
8.259444000000000230e+00 4.455805600000000055e+01 0.000000000000000000e+00
1.335166599999999981e+01 3.739333299999999838e+01 0.000000000000000000e+00
8.087222000000000577e+00 4.433416700000000077e+01 0.000000000000000000e+00
1.364166600000000074e+01 3.753611000000000075e+01 0.000000000000000000e+00
8.015000000000000568e+00 4.453805499999999995e+01 0.000000000000000000e+00
1.472277700000000067e+01 3.813638999999999868e+01 0.000000000000000000e+00
8.511110999999999649e+00 4.588750000000000284e+01 0.000000000000000000e+00
8.101665999999999812e+00 4.500833500000000242e+01 0.000000000000000000e+00
1.489472199999999980e+01 3.817027699999999868e+01 0.000000000000000000e+00
7.494444399999999895e+00 4.455749999999999744e+01 0.000000000000000000e+00
8.767777000000000598e+00 4.456277999999999651e+01 0.000000000000000000e+00
1.512305500000000080e+01 3.811583300000000207e+01 0.000000000000000000e+00
7.832778000000000240e+00 4.421999999999999886e+01 0.000000000000000000e+00
1.326194399999999973e+01 4.237191800000000086e+01 0.000000000000000000e+00
1.361138900000000085e+01 3.740722300000000189e+01 0.000000000000000000e+00
8.211389000000000493e+00 4.498083499999999901e+01 0.000000000000000000e+00
8.567223000000000255e+00 4.499166499999999758e+01 0.000000000000000000e+00
1.346888900000000078e+01 3.731555600000000084e+01 0.000000000000000000e+00
1.477722299999999933e+01 3.802527599999999808e+01 0.000000000000000000e+00
1.646638899999999950e+01 3.992611000000000132e+01 0.000000000000000000e+00
1.627805499999999839e+01 3.962250000000000227e+01 0.000000000000000000e+00
1.328955599999999926e+01 4.229063800000000128e+01 0.000000000000000000e+00
1.630416699999999963e+01 3.934055699999999689e+01 0.000000000000000000e+00
1.497388899999999978e+01 3.805250000000000199e+01 0.000000000000000000e+00
1.642888800000000060e+01 3.932139000000000095e+01 0.000000000000000000e+00
1.620277799999999857e+01 3.921666700000000105e+01 0.000000000000000000e+00
1.524527699999999975e+01 3.810833399999999926e+01 0.000000000000000000e+00
1.651972200000000157e+01 3.894639000000000095e+01 0.000000000000000000e+00
1.612083200000000005e+01 3.939805599999999686e+01 0.000000000000000000e+00
1.702333300000000094e+01 3.893722000000000349e+01 0.000000000000000000e+00
1.357499999999999929e+01 3.782416500000000070e+01 0.000000000000000000e+00
1.606055599999999828e+01 3.860555599999999998e+01 0.000000000000000000e+00
1.630361200000000110e+01 3.897749999999999915e+01 0.000000000000000000e+00
1.606027800000000028e+01 3.846582999999999686e+01 0.000000000000000000e+00
1.300638900000000042e+01 3.799110999999999905e+01 0.000000000000000000e+00
1.644777900000000059e+01 3.875333400000000239e+01 0.000000000000000000e+00
1.607861099999999865e+01 3.835361000000000331e+01 0.000000000000000000e+00
1.345888899999999921e+01 3.756305700000000058e+01 0.000000000000000000e+00
1.571388900000000000e+01 3.825083000000000055e+01 0.000000000000000000e+00
1.343194500000000069e+01 3.751083400000000267e+01 0.000000000000000000e+00
1.584416700000000056e+01 3.819277999999999906e+01 0.000000000000000000e+00
1.354250000000000043e+01 3.762305500000000080e+01 0.000000000000000000e+00
1.692777799999999999e+01 3.910278000000000276e+01 0.000000000000000000e+00
8.119445000000000690e+00 4.608611299999999744e+01 3.984375000000000000e-01
1.306694399999999945e+01 3.752361299999999744e+01 0.000000000000000000e+00
8.259444000000000230e+00 4.631555600000000084e+01 2.011718799999999974e-01
1.315611099999999922e+01 3.756860999999999962e+01 0.000000000000000000e+00
1.037777499999999975e+01 4.608055000000000234e+01 2.000000000000000000e+00
1.318472200000000072e+01 3.765944300000000311e+01 0.000000000000000000e+00
8.310555000000000803e+00 4.590611299999999773e+01 0.000000000000000000e+00
1.326444399999999924e+01 3.773027799999999843e+01 0.000000000000000000e+00
1.277352999999999916e+01 4.253227199999999897e+01 0.000000000000000000e+00
1.541166699999999956e+01 3.816805599999999998e+01 0.000000000000000000e+00
1.319972199999999951e+01 3.777972400000000164e+01 0.000000000000000000e+00
1.252194399999999952e+01 3.772388999999999726e+01 0.000000000000000000e+00
1.425794600000000045e+01 4.209566999999999837e+01 0.000000000000000000e+00
1.382805500000000087e+01 3.742999999999999972e+01 0.000000000000000000e+00
1.372718399999999939e+01 4.236584500000000020e+01 4.260002000000000066e+02
1.331021100000000068e+01 4.640539600000000320e+01 1.999511700000000114e-01
1.461138900000000085e+01 3.785999999999999943e+01 0.000000000000000000e+00
7.656069999999999709e+00 4.393209000000000231e+01 0.000000000000000000e+00
1.321767499999999984e+01 4.639316000000000173e+01 0.000000000000000000e+00
1.465472199999999958e+01 3.791861000000000104e+01 0.000000000000000000e+00
1.377992599999999968e+01 4.222100999999999971e+01 0.000000000000000000e+00
1.466658699999999982e+01 4.206566999999999723e+01 0.000000000000000000e+00
1.462333300000000058e+01 3.795360999999999763e+01 0.000000000000000000e+00
1.303580499999999986e+01 4.645651600000000059e+01 0.000000000000000000e+00
1.501777700000000060e+01 3.801944400000000002e+01 0.000000000000000000e+00
1.424869499999999967e+01 4.198988299999999896e+01 0.000000000000000000e+00
1.490777800000000042e+01 3.800527999999999906e+01 0.000000000000000000e+00
1.347781200000000013e+01 4.254843999999999937e+01 0.000000000000000000e+00
1.326912899999999951e+01 4.629852300000000298e+01 0.000000000000000000e+00
1.471638899999999950e+01 3.810472000000000037e+01 0.000000000000000000e+00
1.336250000000000071e+01 4.619666699999999793e+01 0.000000000000000000e+00
1.379222200000000065e+01 4.180944399999999916e+01 2.268001200000000154e+03
1.348679399999999973e+01 4.615926699999999983e+01 0.000000000000000000e+00
1.549861100000000036e+01 3.825000000000000000e+01 0.000000000000000000e+00
1.349048600000000064e+01 4.611374699999999649e+01 0.000000000000000000e+00
1.376857299999999995e+01 4.260886399999999696e+01 0.000000000000000000e+00
1.517111099999999979e+01 3.809055699999999689e+01 0.000000000000000000e+00
1.414231200000000044e+01 4.222197299999999842e+01 0.000000000000000000e+00
1.490305500000000016e+01 3.792638800000000288e+01 0.000000000000000000e+00
1.280416699999999963e+01 4.628166600000000130e+01 0.000000000000000000e+00
1.510222199999999937e+01 3.761444500000000346e+01 0.000000000000000000e+00
1.277287899999999965e+01 4.621783400000000341e+01 0.000000000000000000e+00
1.499611100000000086e+01 3.769944399999999973e+01 0.000000000000000000e+00
1.244369299999999967e+01 4.627754199999999685e+01 6.000060999999999867e-01
1.419443200000000083e+01 4.246878000000000242e+01 0.000000000000000000e+00
1.389777800000000063e+01 3.744916500000000070e+01 0.000000000000000000e+00
1.254014100000000020e+01 4.627058399999999949e+01 2.000000000000000000e+00
1.414305599999999963e+01 3.759638999999999953e+01 0.000000000000000000e+00
1.313472200000000001e+01 4.627361299999999744e+01 0.000000000000000000e+00
1.477055550000000039e+01 3.789110999999999763e+01 0.000000000000000000e+00
8.490277999999999992e+00 4.600555399999999651e+01 2.199218800000000140e+00
7.121503999999999834e+00 4.568384999999999962e+01 0.000000000000000000e+00
7.934722400000000064e+00 4.587360999999999933e+01 1.406250000000000000e+00
1.484194500000000083e+01 3.792972000000000321e+01 0.000000000000000000e+00
7.363610999999999684e+00 4.457000000000000028e+01 0.000000000000000000e+00
1.348611099999999929e+01 3.748583200000000204e+01 0.000000000000000000e+00
1.520111099999999915e+01 3.698111000000000104e+01 0.000000000000000000e+00
1.330537700000000001e+01 4.652984599999999915e+01 0.000000000000000000e+00
1.332055599999999984e+01 3.756166999999999945e+01 0.000000000000000000e+00
1.329277800000000020e+01 3.776277999999999935e+01 0.000000000000000000e+00
1.187277800000000028e+01 4.407249999999999801e+01 0.000000000000000000e+00
1.174388899999999936e+01 4.422332999999999714e+01 0.000000000000000000e+00
1.506972200000000051e+01 3.693055700000000030e+01 0.000000000000000000e+00
1.437777799999999928e+01 3.708500000000000085e+01 0.000000000000000000e+00
1.203666699999999956e+01 4.384694300000000311e+01 3.994140600000000152e-01
1.526805599999999963e+01 3.799389000000000038e+01 0.000000000000000000e+00
1.511916599999999988e+01 3.756389000000000067e+01 0.000000000000000000e+00
1.194638899999999992e+01 4.399444600000000349e+01 2.001953099999999874e-01
1.462555599999999956e+01 3.734194600000000008e+01 0.000000000000000000e+00
1.199297400000000025e+01 4.426281999999999783e+01 0.000000000000000000e+00
1.453250000000000064e+01 3.733250000000000313e+01 0.000000000000000000e+00
1.216972299999999940e+01 4.421500000000000341e+01 0.000000000000000000e+00
1.498416699999999935e+01 3.811555500000000052e+01 0.000000000000000000e+00
1.161527799999999999e+01 4.407833500000000271e+01 2.500000000000000000e+00
1.526944400000000002e+01 3.806416699999999764e+01 0.000000000000000000e+00
1.187500000000000000e+01 4.419722399999999851e+01 0.000000000000000000e+00
1.457138899999999992e+01 3.793860999999999706e+01 0.000000000000000000e+00
1.180555500000000002e+01 4.402916700000000105e+01 0.000000000000000000e+00
1.204444400000000037e+01 4.403333299999999895e+01 0.000000000000000000e+00
1.190222299999999933e+01 4.390444600000000008e+01 0.000000000000000000e+00
1.183666700000000027e+01 4.413722200000000129e+01 0.000000000000000000e+00
1.335388850000000005e+01 3.812194399999999916e+01 2.790002399999999838e+01
1.216944400000000037e+01 4.399722299999999819e+01 0.000000000000000000e+00
7.679999999999999716e+00 4.560470000000000113e+01 0.000000000000000000e+00
1.500694499999999998e+01 3.700305600000000084e+01 0.000000000000000000e+00
1.220777799999999935e+01 4.408666600000000102e+01 0.000000000000000000e+00
1.151277699999999982e+01 4.412916599999999789e+01 0.000000000000000000e+00
1.356166649999999940e+01 3.784361299999999773e+01 0.000000000000000000e+00
1.177555599999999991e+01 4.392360999999999649e+01 1.199218799999999918e+00
1.365000000000000036e+01 3.795971999999999724e+01 0.000000000000000000e+00
1.203136600000000023e+01 4.433007400000000331e+01 0.000000000000000000e+00
1.389000000000000057e+01 3.799638699999999858e+01 0.000000000000000000e+00
1.211080100000000037e+01 4.429773699999999792e+01 0.000000000000000000e+00
1.223395249999999912e+01 4.423185699999999798e+01 0.000000000000000000e+00
7.152872000000000341e+00 4.564965399999999818e+01 0.000000000000000000e+00
1.391666700000000034e+01 3.714027800000000212e+01 0.000000000000000000e+00
1.223395249999999912e+01 4.423185699999999798e+01 0.000000000000000000e+00
1.194937900000000042e+01 4.417014000000000351e+01 0.000000000000000000e+00
7.250829999999999664e+00 4.564970000000000283e+01 0.000000000000000000e+00
1.280555500000000002e+01 3.762722399999999823e+01 0.000000000000000000e+00
7.662779999999999703e+00 4.593110000000000070e+01 0.000000000000000000e+00
1.250111099999999986e+01 3.789638999999999669e+01 0.000000000000000000e+00
7.825000000000000178e+00 4.574830000000000041e+01 0.000000000000000000e+00
1.195861149999999995e+01 4.392360999999999649e+01 1.992187500000000000e-01
1.257694399999999924e+01 3.797332999999999714e+01 0.000000000000000000e+00
1.275222199999999972e+01 3.769194399999999945e+01 0.000000000000000000e+00
1.420500000000000007e+01 3.757888799999999918e+01 0.000000000000000000e+00
7.856380999999999837e+00 4.568729799999999841e+01 0.000000000000000000e+00
1.388250000000000028e+01 3.782000000000000028e+01 0.000000000000000000e+00
1.342597999999999914e+01 4.191507699999999659e+01 0.000000000000000000e+00
1.414499999999999957e+01 3.749555600000000055e+01 0.000000000000000000e+00
1.305638899999999936e+01 3.780416499999999758e+01 0.000000000000000000e+00
1.367777799999999999e+01 4.172861000000000331e+01 0.000000000000000000e+00
7.613059999999999938e+00 4.568359999999999843e+01 0.000000000000000000e+00
1.300666700000000020e+01 3.756611300000000142e+01 0.000000000000000000e+00
7.497779999999999667e+00 4.568690000000000140e+01 0.000000000000000000e+00
1.315833399999999997e+01 4.200555399999999651e+01 0.000000000000000000e+00
1.408472249999999981e+01 3.780277600000000149e+01 0.000000000000000000e+00
1.377944500000000083e+01 4.162694499999999920e+01 0.000000000000000000e+00
9.890269999999999229e+00 4.539916999999999803e+01 0.000000000000000000e+00
1.309638900000000028e+01 3.778777699999999840e+01 0.000000000000000000e+00
1.306833400000000012e+01 3.763250000000000028e+01 0.000000000000000000e+00
9.671433000000000391e+00 4.535656000000000176e+01 0.000000000000000000e+00
1.383027700000000060e+01 4.140666600000000130e+01 0.000000000000000000e+00
9.017492999999999981e+00 4.499027300000000196e+01 0.000000000000000000e+00
1.334916699999999956e+01 3.768472299999999819e+01 0.000000000000000000e+00
1.435361100000000079e+01 3.718916699999999764e+01 0.000000000000000000e+00
9.244445999999999941e+00 4.576194000000000273e+01 0.000000000000000000e+00
1.298277799999999971e+01 4.176250000000000284e+01 0.000000000000000000e+00
1.398516700000000057e+01 4.229544400000000337e+01 0.000000000000000000e+00
1.340555600000000069e+01 3.772083299999999895e+01 0.000000000000000000e+00
1.377138899999999921e+01 3.749805500000000080e+01 0.000000000000000000e+00
1.335583300000000051e+01 4.172861000000000331e+01 0.000000000000000000e+00
1.415138900000000000e+01 3.715666600000000130e+01 0.000000000000000000e+00
1.447527799999999942e+01 3.688194299999999970e+01 0.000000000000000000e+00
1.352527800000000013e+01 4.155916599999999761e+01 0.000000000000000000e+00
1.346666600000000003e+01 3.767139000000000237e+01 0.000000000000000000e+00
1.340944499999999984e+01 3.758111199999999741e+01 0.000000000000000000e+00
1.364388800000000046e+01 4.154222000000000037e+01 0.000000000000000000e+00
1.375361200000000039e+01 3.730805600000000055e+01 0.000000000000000000e+00
1.495666699999999949e+01 3.710083399999999898e+01 0.000000000000000000e+00
1.367777799999999999e+01 4.145750000000000313e+01 0.000000000000000000e+00
1.505611099999999958e+01 3.789694599999999980e+01 0.000000000000000000e+00
1.384722200000000036e+01 4.149139000000000266e+01 0.000000000000000000e+00
1.482750000000000057e+01 3.760555599999999998e+01 0.000000000000000000e+00
1.374111100000000008e+01 3.716944500000000318e+01 0.000000000000000000e+00
1.271285499999999935e+01 4.587395500000000226e+01 0.000000000000000000e+00
1.348841999999999963e+01 4.604467000000000354e+01 0.000000000000000000e+00
1.343972199999999972e+01 3.760722400000000221e+01 0.000000000000000000e+00
1.280322999999999922e+01 4.650954399999999822e+01 0.000000000000000000e+00
1.378027799999999914e+01 3.751416799999999796e+01 0.000000000000000000e+00
8.594443999999999306e+00 4.543055700000000030e+01 0.000000000000000000e+00
1.487277800000000028e+01 3.753472000000000008e+01 0.000000000000000000e+00
1.178303499999999993e+01 4.429417800000000227e+01 1.999511700000000114e-01
1.337055600000000055e+01 3.792611000000000132e+01 0.000000000000000000e+00
1.459361099999999922e+01 3.760194400000000314e+01 0.000000000000000000e+00
1.014555000000000007e+01 4.535975299999999777e+01 0.000000000000000000e+00
1.477500000000000036e+01 3.697222000000000008e+01 0.000000000000000000e+00
9.066390000000000171e+00 4.566138000000000119e+01 4.000000000000000222e-01
1.460888899999999957e+01 3.767333200000000204e+01 0.000000000000000000e+00
1.494555599999999984e+01 3.731277999999999651e+01 0.000000000000000000e+00
8.058332999999999302e+00 4.556250000000000000e+01 0.000000000000000000e+00
1.497194499999999984e+01 3.807694599999999951e+01 0.000000000000000000e+00
8.823878000000000554e+00 4.562639000000000067e+01 0.000000000000000000e+00
8.330000000000000071e+00 4.523333399999999926e+01 0.000000000000000000e+00
9.720827999999999136e+00 4.516194000000000131e+01 0.000000000000000000e+00
1.528194399999999931e+01 3.816888800000000259e+01 0.000000000000000000e+00
1.408348499999999959e+01 4.185190200000000260e+01 0.000000000000000000e+00
1.468166599999999988e+01 3.712527999999999651e+01 0.000000000000000000e+00
1.426722200000000029e+01 4.184583299999999895e+01 0.000000000000000000e+00
1.392949899999999985e+01 4.183702999999999861e+01 0.000000000000000000e+00
8.366388999999999854e+00 4.630360999999999905e+01 0.000000000000000000e+00
1.256509100000000068e+01 4.314400499999999994e+01 0.000000000000000000e+00
1.508249999999999957e+01 3.684000000000000341e+01 0.000000000000000000e+00
7.543611000000000288e+00 4.540972000000000008e+01 0.000000000000000000e+00
1.029693400000000025e+01 4.607860999999999763e+01 2.600000099999999925e+00
1.328583300000000023e+01 3.796305499999999711e+01 0.000000000000000000e+00
7.313610999999999862e+00 4.431083300000000236e+01 0.000000000000000000e+00
8.823603000000000307e+00 4.583249699999999649e+01 0.000000000000000000e+00
1.460138899999999929e+01 3.678888700000000256e+01 0.000000000000000000e+00
1.654444499999999962e+01 3.868999999999999773e+01 0.000000000000000000e+00
9.937768999999999409e+00 4.552221300000000070e+01 0.000000000000000000e+00
7.253889000000000031e+00 4.450916699999999793e+01 0.000000000000000000e+00
1.487472250000000074e+01 3.725889000000000095e+01 0.000000000000000000e+00
1.350666700000000020e+01 4.594250000000000256e+01 0.000000000000000000e+00
1.491638850000000005e+01 3.745694400000000002e+01 0.000000000000000000e+00
1.457416599999999995e+01 3.782944499999999977e+01 0.000000000000000000e+00
1.355388899999999985e+01 3.767083399999999926e+01 0.000000000000000000e+00
1.488861099999999915e+01 3.786972000000000094e+01 0.000000000000000000e+00
7.527499999999999858e+00 4.437055600000000055e+01 0.000000000000000000e+00
1.592999999999999972e+01 3.799666599999999761e+01 0.000000000000000000e+00
1.618149000000000015e+01 3.815030699999999797e+01 0.000000000000000000e+00
1.428666699999999956e+01 3.719027700000000181e+01 0.000000000000000000e+00
1.607277900000000059e+01 3.815111000000000274e+01 0.000000000000000000e+00
1.598611099999999929e+01 4.016111000000000075e+01 0.000000000000000000e+00
1.308111099999999993e+01 3.800139000000000067e+01 0.000000000000000000e+00
1.271638899999999950e+01 3.788277999999999679e+01 0.000000000000000000e+00
1.428333399999999997e+01 3.740500000000000114e+01 0.000000000000000000e+00
1.434722200000000036e+01 3.760611000000000104e+01 0.000000000000000000e+00
1.563805600000000062e+01 3.818500000000000227e+01 0.000000000000000000e+00
1.457472199999999951e+01 3.744749999999999801e+01 0.000000000000000000e+00
1.026138199999999934e+01 4.552614599999999712e+01 0.000000000000000000e+00
1.638138999999999967e+01 3.986555500000000052e+01 0.000000000000000000e+00
1.026138199999999934e+01 4.552614599999999712e+01 0.000000000000000000e+00
1.640222199999999830e+01 3.883361000000000018e+01 0.000000000000000000e+00
1.627101299999999995e+01 3.973316200000000009e+01 0.000000000000000000e+00
9.275660999999999490e+00 4.493478799999999751e+01 0.000000000000000000e+00
1.631388899999999964e+01 3.978972199999999759e+01 0.000000000000000000e+00
1.333500000000000085e+01 3.811666499999999758e+01 0.000000000000000000e+00
1.623666599999999960e+01 3.908305699999999661e+01 0.000000000000000000e+00
9.963490999999999431e+00 4.525595500000000015e+01 0.000000000000000000e+00
1.590583299999999944e+01 3.987111300000000114e+01 0.000000000000000000e+00
1.050655599999999978e+01 4.629690000000000083e+01 1.199999999999999956e+00
1.597166600000000081e+01 3.840777599999999836e+01 0.000000000000000000e+00
1.376111099999999965e+01 3.720139000000000351e+01 0.000000000000000000e+00
1.620666699999999949e+01 4.021277599999999808e+01 0.000000000000000000e+00
1.575611100000000064e+01 3.817499999999999716e+01 0.000000000000000000e+00
9.110834000000000543e+00 4.609154500000000354e+01 0.000000000000000000e+00
1.598222299999999940e+01 3.865055499999999711e+01 0.000000000000000000e+00
9.380395999999999290e+00 4.600746000000000180e+01 0.000000000000000000e+00
1.066359500000000082e+01 4.526360999999999990e+01 0.000000000000000000e+00
9.947876000000000829e+00 4.600766800000000245e+01 1.199999999999999956e+00
9.319988000000000383e+00 4.636052999999999713e+01 2.600000000000000089e+00
1.700360999999999834e+01 3.942444600000000321e+01 0.000000000000000000e+00
8.988336000000000325e+00 4.570496399999999682e+01 0.000000000000000000e+00
9.388556499999999971e+00 4.567770000000000152e+01 0.000000000000000000e+00
9.821533000000000513e+00 4.578420599999999752e+01 0.000000000000000000e+00
1.345333300000000065e+01 4.597361000000000075e+01 0.000000000000000000e+00
9.933042999999999623e+00 4.578641999999999967e+01 0.000000000000000000e+00
9.520689000000000846e+00 4.544409000000000276e+01 0.000000000000000000e+00
1.268194500000000069e+01 4.646722400000000164e+01 4.000244000000000022e-01
9.632170000000000343e+00 4.624143999999999721e+01 0.000000000000000000e+00
1.003860700000000072e+01 4.606456000000000017e+01 3.200000300000000131e+00
9.863431999999999533e+00 4.595055399999999679e+01 2.000000000000000111e-01
7.360555599999999643e+00 4.488333500000000242e+01 0.000000000000000000e+00
1.006331600000000037e+01 4.592844399999999894e+01 8.000000000000000444e-01
1.264972200000000058e+01 4.595861000000000018e+01 0.000000000000000000e+00
1.056111100000000036e+01 4.584499999999999886e+01 2.000000000000000111e-01
1.068361100000000086e+01 4.586166800000000165e+01 2.000000000000000111e-01
1.064138900000000021e+01 4.593889000000000067e+01 1.800000199999999939e+00
1.051305600000000062e+01 4.605111000000000132e+01 2.800000199999999939e+00
1.072388899999999978e+01 4.589388999999999896e+01 0.000000000000000000e+00
1.056138900000000014e+01 4.596972300000000189e+01 2.200000000000000178e+00
1.123416699999999935e+01 4.597027599999999836e+01 2.000000000000000111e-01
1.130499999999999972e+01 4.601055499999999654e+01 5.999999999999999778e-01
1.149444500000000069e+01 4.611555500000000052e+01 8.000000000000000444e-01
1.155722199999999944e+01 4.608111199999999741e+01 0.000000000000000000e+00
1.191499999999999915e+01 4.619555700000000087e+01 0.000000000000000000e+00
1.183916699999999977e+01 4.613889000000000351e+01 0.000000000000000000e+00
1.173472199999999965e+01 4.614972300000000160e+01 4.000000000000000222e-01
1.125361200000000039e+01 4.594027700000000181e+01 5.999999999999999778e-01
1.159750000000000014e+01 4.626055499999999654e+01 1.399999999999999911e+00
1.069944500000000076e+01 4.642249999999999943e+01 2.000000000000000111e-01
1.079583399999999926e+01 4.631333000000000055e+01 5.999999999999999778e-01
1.091833300000000051e+01 4.635166499999999701e+01 8.000000000000000444e-01
1.579683999999999955e+01 4.062610000000000099e+01 0.000000000000000000e+00
1.084944400000000009e+01 4.640138999999999925e+01 1.800000100000000103e+00
1.118944499999999920e+01 4.641916700000000162e+01 5.999999999999999778e-01
1.110166599999999981e+01 4.632055700000000087e+01 4.000000000000000222e-01
1.186277800000000049e+01 4.645888999999999669e+01 3.200000000000000178e+00
1.161361100000000057e+01 4.640444600000000008e+01 5.999999999999999778e-01
1.166444399999999959e+01 4.638360999999999734e+01 1.600000000000000089e+00
1.107916600000000074e+01 4.615666600000000130e+01 2.000000000000000111e-01
1.241694449999999961e+01 4.255694600000000349e+01 0.000000000000000000e+00
1.178694400000000009e+01 4.629805400000000049e+01 1.199999999999999956e+00
1.179972300000000018e+01 4.633833299999999866e+01 8.000000000000000444e-01
1.344027799999999928e+01 4.650583300000000264e+01 0.000000000000000000e+00
1.121805600000000069e+01 4.617055500000000023e+01 1.400000099999999970e+00
1.347499999999999964e+01 4.654305599999999998e+01 0.000000000000000000e+00
1.113555500000000009e+01 4.607194499999999948e+01 1.199999999999999956e+00
1.318916699999999942e+01 4.648583200000000204e+01 0.000000000000000000e+00
1.110138899999999929e+01 4.609555399999999992e+01 8.000000000000000444e-01
1.278138900000000078e+01 4.324083300000000207e+01 0.000000000000000000e+00
1.130222200000000043e+01 4.610694500000000318e+01 1.199999999999999956e+00
1.109166600000000003e+01 4.596777699999999811e+01 0.000000000000000000e+00
1.104388900000000007e+01 4.589638999999999669e+01 0.000000000000000000e+00
1.115111100000000022e+01 4.587944399999999945e+01 0.000000000000000000e+00
1.093138899999999936e+01 4.585527799999999843e+01 0.000000000000000000e+00
1.106527799999999928e+01 4.573916599999999733e+01 0.000000000000000000e+00
1.081388899999999964e+01 4.624972000000000349e+01 7.400000000000000355e+00
1.088944399999999924e+01 4.621972300000000189e+01 4.000000000000000222e-01
1.075750000000000028e+01 4.615638700000000227e+01 1.800000100000000103e+00
1.064055500000000087e+01 4.603194400000000286e+01 2.200000000000000178e+00
7.689721999999999724e+00 4.507166699999999793e+01 0.000000000000000000e+00
1.073083300000000051e+01 4.604111000000000331e+01 2.200000000000000178e+00
1.075166699999999942e+01 4.605916599999999761e+01 1.600000000000000089e+00
1.098027800000000020e+01 4.606527700000000181e+01 4.000000000000000222e-01
1.087749999999999950e+01 4.587027700000000152e+01 0.000000000000000000e+00
1.083138800000000046e+01 4.591888800000000259e+01 0.000000000000000000e+00
1.116444399999999959e+01 4.591528000000000276e+01 4.000000000000000222e-01
1.104666699999999935e+01 4.621999999999999886e+01 2.000000000000000111e-01
1.135083299999999973e+01 4.616694300000000339e+01 1.400000099999999970e+00
1.252388900000000049e+01 4.277472300000000160e+01 0.000000000000000000e+00
1.149138899999999985e+01 4.625055700000000058e+01 2.000000000000000000e+00
1.210166599999999981e+01 4.199972000000000349e+01 0.000000000000000000e+00
1.163083400000000012e+01 4.271305499999999711e+01 3.984375000000000000e-01
1.165750000000000064e+01 4.649083300000000207e+01 2.000000000000000111e-01
1.111888899999999936e+01 4.639083500000000271e+01 1.000000000000000000e+00
1.166277799999999942e+01 4.611666499999999758e+01 0.000000000000000000e+00
1.640277899999999889e+01 3.950000000000000000e+01 0.000000000000000000e+00
1.646833399999999870e+01 3.841888800000000259e+01 0.000000000000000000e+00
1.059694499999999984e+01 4.626250000000000284e+01 8.000000000000000444e-01
1.594055600000000084e+01 3.951749999999999829e+01 0.000000000000000000e+00
8.017777000000000598e+00 4.438722200000000129e+01 0.000000000000000000e+00
1.249138899999999985e+01 4.198277699999999868e+01 0.000000000000000000e+00
1.067750000000000021e+01 4.636444500000000346e+01 4.000000000000000222e-01
7.720278000000000418e+00 4.466388700000000256e+01 0.000000000000000000e+00
1.145166700000000048e+01 4.628472000000000008e+01 1.000000000000000000e+00
8.633333000000000368e+00 4.544138699999999886e+01 0.000000000000000000e+00
1.105472199999999994e+01 4.601360999999999990e+01 0.000000000000000000e+00
1.120611099999999993e+01 4.591861000000000104e+01 0.000000000000000000e+00
1.122361100000000000e+01 4.613971999999999696e+01 2.000000000000000000e+00
1.094138899999999914e+01 4.598416499999999729e+01 0.000000000000000000e+00
1.061250000000000071e+01 4.634082999999999686e+01 5.999999999999999778e-01
1.112305500000000080e+01 4.578027699999999811e+01 0.000000000000000000e+00
1.624833299999999880e+01 4.048055599999999998e+01 0.000000000000000000e+00
1.081277749999999926e+01 4.617222199999999788e+01 1.000000000000000000e+00
1.095749999999999957e+01 4.614166600000000074e+01 0.000000000000000000e+00
1.580361100000000008e+01 4.095971999999999724e+01 0.000000000000000000e+00
1.144027799999999928e+01 4.617499999999999716e+01 1.600000099999999925e+00
1.159833300000000023e+01 4.629778000000000304e+01 1.400000099999999970e+00
1.598000000000000043e+01 4.093388699999999858e+01 0.000000000000000000e+00
1.147749999999999915e+01 4.605805600000000055e+01 2.000000000000000111e-01
1.294888899999999943e+01 4.264666700000000077e+01 0.000000000000000000e+00
1.103999999999999915e+01 4.636110999999999649e+01 1.000000000000000000e+00
1.599833300000000058e+01 4.076389000000000351e+01 0.000000000000000000e+00
1.112972300000000025e+01 4.643777999999999651e+01 4.000000000000000222e-01
1.088722199999999951e+01 4.591028000000000020e+01 0.000000000000000000e+00
1.102388900000000049e+01 4.578611000000000075e+01 0.000000000000000000e+00
1.102222249999999981e+01 4.616305499999999995e+01 2.000000000000000111e-01
1.159027799999999964e+01 4.597999999999999687e+01 0.000000000000000000e+00
7.419722000000000151e+00 4.543194600000000349e+01 0.000000000000000000e+00
1.110472200000000065e+01 4.619444299999999970e+01 0.000000000000000000e+00
1.124027799999999999e+01 4.605250000000000199e+01 2.000000000000000000e+00
8.813888999999999641e+00 4.013027999999999906e+01 0.000000000000000000e+00
1.073361099999999979e+01 4.597167000000000314e+01 3.600000099999999925e+00
8.313055999999999557e+00 4.058361000000000018e+01 0.000000000000000000e+00
1.088138900000000042e+01 4.613333500000000242e+01 1.800000000000000044e+00
1.091138899999999978e+01 4.606611300000000142e+01 2.000000000000000111e-01
1.088916700000000048e+01 4.643333400000000211e+01 2.799999999999999822e+00
1.100861100000000015e+01 4.645388799999999918e+01 5.999999999999999778e-01
8.670833999999999264e+00 4.002388799999999947e+01 0.000000000000000000e+00
1.104388900000000007e+01 4.651027700000000209e+01 8.000000000000000444e-01
9.650000000000000355e+00 4.004416700000000162e+01 0.000000000000000000e+00
1.186611100000000008e+01 4.619944399999999973e+01 2.000000000000000111e-01
8.776944000000000301e+00 3.920611199999999741e+01 1.000000000000000000e+01
1.181277749999999926e+01 4.615472400000000164e+01 0.000000000000000000e+00
8.857450000000000045e+00 3.995772999999999797e+01 0.000000000000000000e+00
1.168388799999999961e+01 4.619194399999999945e+01 8.000000000000000444e-01
8.988611000000000573e+00 4.062777700000000181e+01 0.000000000000000000e+00
1.159972199999999987e+01 4.613360999999999734e+01 1.000000000000000000e+00
9.285277000000000669e+00 4.021027800000000241e+01 0.000000000000000000e+00
1.165666700000000056e+01 4.600639000000000323e+01 0.000000000000000000e+00
8.540556000000000481e+00 4.064333299999999838e+01 0.000000000000000000e+00
1.117472300000000018e+01 4.575889000000000095e+01 0.000000000000000000e+00
9.004443999999999448e+00 4.042166499999999729e+01 0.000000000000000000e+00
1.077555599999999991e+01 4.614750000000000085e+01 5.999999999999999778e-01
1.305560700000000018e+01 4.630921599999999927e+01 0.000000000000000000e+00
1.133611100000000071e+01 4.626305399999999679e+01 0.000000000000000000e+00
1.137861200000000039e+01 4.600610999999999962e+01 4.000000000000000222e-01
9.156110999999999223e+00 3.992555600000000027e+01 0.000000000000000000e+00
1.063472200000000001e+01 4.618139000000000038e+01 8.000000000000000444e-01
9.305277999999999494e+00 3.975721999999999667e+01 4.003906199999999749e-01
1.083444399999999952e+01 4.624499999999999744e+01 1.600000000000000089e+00
1.176694499999999977e+01 4.647833299999999923e+01 1.400000099999999970e+00
1.095305500000000087e+01 4.581722299999999848e+01 0.000000000000000000e+00
1.291805599999999998e+01 4.622972000000000037e+01 0.000000000000000000e+00
1.286972199999999944e+01 4.592583499999999930e+01 0.000000000000000000e+00
1.180138900000000035e+01 4.626138999999999868e+01 1.000000000000000000e+00
1.113805600000000062e+01 4.606416699999999764e+01 1.000000000000000000e+00
1.163000000000000078e+01 4.605722000000000094e+01 0.000000000000000000e+00
1.571700500000000034e+01 3.997977999999999810e+01 0.000000000000000000e+00
1.086555599999999977e+01 4.630138800000000288e+01 1.199999999999999956e+00
1.579138850000000005e+01 4.103694500000000289e+01 5.200195299999999854e+00
1.284305600000000069e+01 4.658444599999999980e+01 0.000000000000000000e+00
1.302166700000000077e+01 4.642194400000000343e+01 0.000000000000000000e+00
1.375333299999999959e+01 4.569305399999999651e+01 1.099975600000000053e+00
1.276877200000000023e+01 4.607648999999999972e+01 0.000000000000000000e+00
1.254499500000000012e+01 4.591792300000000182e+01 0.000000000000000000e+00
1.307390000000000008e+01 4.610170399999999802e+01 0.000000000000000000e+00
8.568054999999999310e+00 4.478417000000000314e+01 0.000000000000000000e+00
1.291722200000000065e+01 4.651944400000000002e+01 8.000030500000000488e-01
1.322668700000000008e+01 4.603520600000000229e+01 0.000000000000000000e+00
1.368694400000000044e+01 4.576555599999999657e+01 1.399902299999999933e+00
8.719722000000000861e+00 3.909166700000000105e+01 0.000000000000000000e+00
1.315579299999999918e+01 4.588229799999999869e+01 0.000000000000000000e+00
9.116388999999999854e+00 3.922388999999999726e+01 0.000000000000000000e+00
1.576472200000000079e+01 3.824916999999999945e+01 0.000000000000000000e+00
1.305258099999999999e+01 4.580570000000000164e+01 0.000000000000000000e+00
1.581194400000000044e+01 3.829055400000000020e+01 0.000000000000000000e+00
1.575138899999999964e+01 3.824694399999999916e+01 0.000000000000000000e+00
1.573805499999999924e+01 3.824194299999999913e+01 0.000000000000000000e+00
1.578083299999999944e+01 3.825000000000000000e+01 0.000000000000000000e+00
9.259166999999999703e+00 3.981277999999999651e+01 1.992187500000000000e-01
1.351240999999999914e+01 4.595807599999999837e+01 0.000000000000000000e+00
8.552500000000000213e+00 3.968972399999999823e+01 0.000000000000000000e+00
8.820555999999999841e+00 3.978694500000000289e+01 0.000000000000000000e+00
1.348184999999999967e+01 4.588980500000000262e+01 0.000000000000000000e+00
1.374305500000000002e+01 4.559805699999999717e+01 0.000000000000000000e+00
1.290782800000000030e+01 4.641128499999999946e+01 0.000000000000000000e+00
1.345881999999999934e+01 4.571475999999999829e+01 0.000000000000000000e+00
1.309333299999999944e+01 4.610444300000000339e+01 0.000000000000000000e+00
1.301388900000000071e+01 4.615694400000000286e+01 0.000000000000000000e+00
1.333700600000000058e+01 4.584944500000000289e+01 0.000000000000000000e+00
1.375220799999999954e+01 4.564995199999999897e+01 0.000000000000000000e+00
9.131944999999999979e+00 3.965917000000000314e+01 6.005859399999999848e-01
8.643333000000000155e+00 4.056277999999999651e+01 0.000000000000000000e+00
1.374199600000000032e+01 4.573783000000000243e+01 7.799804700000000146e+00
8.767500000000000071e+00 4.090833299999999895e+01 1.000000000000000000e+00
9.543018000000000001e+00 3.943724000000000274e+01 0.000000000000000000e+00
1.312209000000000003e+01 4.626127999999999929e+01 0.000000000000000000e+00
9.509166999999999703e+00 4.015917000000000314e+01 0.000000000000000000e+00
1.300277900000000031e+01 4.595235399999999970e+01 0.000000000000000000e+00
9.425834000000000046e+00 4.057083500000000242e+01 0.000000000000000000e+00
9.697499999999999787e+00 4.056944299999999970e+01 0.000000000000000000e+00
8.959722499999999812e+00 4.085805500000000023e+01 0.000000000000000000e+00
9.219167000000000556e+00 4.052416600000000102e+01 0.000000000000000000e+00
9.324165999999999954e+00 4.064666700000000077e+01 0.000000000000000000e+00
1.342000600000000077e+01 4.608037000000000205e+01 0.000000000000000000e+00
8.932221999999999440e+00 3.995055399999999679e+01 0.000000000000000000e+00
8.470554999999999168e+00 4.050166699999999764e+01 0.000000000000000000e+00
8.503888999999999143e+00 4.037666699999999764e+01 0.000000000000000000e+00
1.352139999999999986e+01 4.648329999999999984e+01 1.000000000000000000e+00
8.765278000000000347e+00 4.026083400000000267e+01 0.000000000000000000e+00
9.112223000000000184e+00 4.108333199999999863e+01 0.000000000000000000e+00
1.355201100000000025e+01 4.651073499999999683e+01 8.000002000000000502e-01
9.425388999999999129e+00 3.998233400000000159e+01 0.000000000000000000e+00
9.518055999999999628e+00 3.985777699999999868e+01 0.000000000000000000e+00
1.286251299999999986e+01 4.641042300000000154e+01 0.000000000000000000e+00
8.663888999999999285e+00 4.039555699999999661e+01 0.000000000000000000e+00
1.330288900000000041e+01 4.604424999999999812e+01 0.000000000000000000e+00
1.327252400000000065e+01 4.598190300000000263e+01 0.000000000000000000e+00
9.112223000000000184e+00 4.088805399999999679e+01 0.000000000000000000e+00
1.324011299999999913e+01 4.592882999999999782e+01 0.000000000000000000e+00
8.408054999999999168e+00 4.082249999999999801e+01 0.000000000000000000e+00
1.302143399999999929e+01 4.573601500000000186e+01 0.000000000000000000e+00
1.376463000000000036e+01 4.570942300000000103e+01 1.599975600000000053e+00
9.631944999999999979e+00 4.099360999999999677e+01 0.000000000000000000e+00
8.213055999999999912e+00 4.093972399999999823e+01 0.000000000000000000e+00
8.763889000000000706e+00 4.051389000000000351e+01 0.000000000000000000e+00
1.327472099999999955e+01 4.631267499999999870e+01 0.000000000000000000e+00
1.273410299999999928e+01 4.625459299999999985e+01 0.000000000000000000e+00
1.348684599999999989e+01 4.611425400000000252e+01 0.000000000000000000e+00
9.353332999999999231e+00 3.955389000000000266e+01 0.000000000000000000e+00
9.581388000000000460e+00 3.968833000000000055e+01 0.000000000000000000e+00
1.294561799999999963e+01 4.600900699999999688e+01 0.000000000000000000e+00
8.814166999999999419e+00 3.961999999999999744e+01 0.000000000000000000e+00
1.309009700000000009e+01 4.587720000000000198e+01 0.000000000000000000e+00
9.138332999999999373e+00 3.954500000000000171e+01 4.003906199999999749e-01
1.293740799999999957e+01 4.591940999999999917e+01 0.000000000000000000e+00
1.331124800000000086e+01 4.576988599999999963e+01 0.000000000000000000e+00
1.359431999999999974e+01 4.597706999999999766e+01 0.000000000000000000e+00
1.356584900000000005e+01 4.594676199999999966e+01 0.000000000000000000e+00
8.897500000000000853e+00 4.099944299999999942e+01 6.005859399999999848e-01
1.326323499999999989e+01 4.621909000000000134e+01 0.000000000000000000e+00
9.034978000000000620e+00 4.032614499999999680e+01 0.000000000000000000e+00
1.327627000000000024e+01 4.616363499999999931e+01 0.000000000000000000e+00
1.344284299999999988e+01 4.603338000000000108e+01 0.000000000000000000e+00
1.345311799999999991e+01 4.590657000000000210e+01 0.000000000000000000e+00
8.801944999999999908e+00 3.937472000000000349e+01 2.001953099999999874e-01
1.347838699999999967e+01 4.596114299999999986e+01 0.000000000000000000e+00
9.675834000000000046e+00 4.037666699999999764e+01 0.000000000000000000e+00
1.335599000000000025e+01 4.600439000000000078e+01 0.000000000000000000e+00
1.341224000000000061e+01 4.599163999999999675e+01 0.000000000000000000e+00
1.342421000000000042e+01 4.603813999999999851e+01 0.000000000000000000e+00
9.018055999999999628e+00 3.945221999999999696e+01 0.000000000000000000e+00
1.347545000000000037e+01 4.586692000000000036e+01 0.000000000000000000e+00
8.449721999999999511e+00 3.906194299999999942e+01 0.000000000000000000e+00
9.323610999999999649e+00 4.082944499999999977e+01 0.000000000000000000e+00
1.246588000000000029e+01 4.598485000000000156e+01 2.700195299999999854e+00
8.819167000000000201e+00 4.063194299999999970e+01 0.000000000000000000e+00
1.369242299999999979e+01 4.576026499999999686e+01 2.599975600000000053e+00
9.189721999999999724e+00 4.025472299999999848e+01 0.000000000000000000e+00
8.801944999999999908e+00 4.077416600000000102e+01 1.992187500000000000e-01
1.372931699999999999e+01 4.570203000000000060e+01 2.200073199999999840e+00
9.399167000000000272e+00 4.122278000000000020e+01 0.000000000000000000e+00
9.369165999999999883e+00 4.033305699999999661e+01 0.000000000000000000e+00
1.363821000000000083e+01 4.652803000000000111e+01 5.996093999999999591e-01
1.357347999999999999e+01 4.646132999999999669e+01 0.000000000000000000e+00
1.299672999999999945e+01 4.643068000000000239e+01 0.000000000000000000e+00
8.604167000000000343e+00 3.933917000000000286e+01 0.000000000000000000e+00
1.242836800000000075e+01 4.396653400000000289e+01 0.000000000000000000e+00
9.300554999999999239e+00 3.935805500000000023e+01 0.000000000000000000e+00
8.846111000000000502e+00 3.952611000000000274e+01 0.000000000000000000e+00
9.353888500000000050e+00 4.041194500000000289e+01 0.000000000000000000e+00
8.678055999999999770e+00 4.073722000000000065e+01 1.399414099999999994e+00
1.279133000000000031e+01 4.557571999999999690e+01 0.000000000000000000e+00
9.559722000000000719e+00 3.935722400000000221e+01 0.000000000000000000e+00
9.652777999999999636e+00 4.084166700000000105e+01 0.000000000000000000e+00
8.594443999999999306e+00 4.071527999999999992e+01 7.998047000000000351e-01
9.253332999999999586e+00 4.011333499999999930e+01 0.000000000000000000e+00
1.247959400000000052e+01 4.497804599999999908e+01 0.000000000000000000e+00
9.485277999999999210e+00 4.075527999999999906e+01 0.000000000000000000e+00
1.387916700000000070e+01 4.073194500000000318e+01 5.999756000000000533e-01
1.394999999999999929e+01 4.071083500000000299e+01 7.999878000000000267e-01
1.394722200000000001e+01 4.074027600000000149e+01 5.999756000000000533e-01
8.937500000000000000e+00 3.920027999999999935e+01 0.000000000000000000e+00
8.953055000000000874e+00 3.930749999999999744e+01 3.399414000000000158e+00
1.175609000000000037e+01 4.597655499999999762e+01 0.000000000000000000e+00
9.550000000000000711e+00 3.988860999999999990e+01 0.000000000000000000e+00
1.165618599999999994e+01 4.588492600000000010e+01 0.000000000000000000e+00
9.486667000000000627e+00 3.920694400000000002e+01 0.000000000000000000e+00
1.155222200000000043e+01 4.594083400000000239e+01 0.000000000000000000e+00
8.831666999999999490e+00 3.904749999999999943e+01 0.000000000000000000e+00
1.139555499999999988e+01 4.597611200000000053e+01 0.000000000000000000e+00
1.147277700000000067e+01 4.594833400000000267e+01 0.000000000000000000e+00
1.131119200000000014e+01 4.576022300000000342e+01 0.000000000000000000e+00
9.345000000000000639e+00 3.962027700000000152e+01 0.000000000000000000e+00
9.589722999999999331e+00 4.026527800000000212e+01 0.000000000000000000e+00
1.172055499999999917e+01 4.588555499999999654e+01 0.000000000000000000e+00
1.612194399999999916e+01 3.871833399999999870e+01 0.000000000000000000e+00
1.143416599999999939e+01 4.584277699999999811e+01 0.000000000000000000e+00
1.611972199999999944e+01 3.870277800000000212e+01 0.000000000000000000e+00
1.273888900000000035e+01 4.395777999999999963e+01 0.000000000000000000e+00
1.243722250000000074e+01 4.406833300000000264e+01 0.000000000000000000e+00
1.376444399999999924e+01 4.564721999999999724e+01 0.000000000000000000e+00
9.484444999999999126e+00 4.046333299999999866e+01 0.000000000000000000e+00
1.131241999999999948e+01 4.332050000000000267e+01 9.699999999999999289e+00
7.590832999999999942e+00 4.416166700000000134e+01 0.000000000000000000e+00
1.061299999999999955e+01 4.352700000000000102e+01 0.000000000000000000e+00
1.098507299999999987e+01 4.307582500000000181e+01 0.000000000000000000e+00
8.755554999999999310e+00 4.460388999999999982e+01 0.000000000000000000e+00
1.443671900000000008e+01 4.228241299999999825e+01 0.000000000000000000e+00
1.055728399999999922e+01 4.383028000000000191e+01 0.000000000000000000e+00
9.091666000000000025e+00 4.467360999999999649e+01 0.000000000000000000e+00
6.766944399999999860e+00 4.512861300000000142e+01 0.000000000000000000e+00
1.470305500000000087e+01 4.194222299999999848e+01 0.000000000000000000e+00
1.197486999999999924e+01 4.347131000000000256e+01 0.000000000000000000e+00
1.469430000000000014e+01 4.171864699999999715e+01 6.005859399999999848e-01
1.454555000000000042e+01 4.147697999999999752e+01 4.003906199999999749e-01
1.401914000000000016e+01 4.215077200000000346e+01 0.000000000000000000e+00
1.197486999999999924e+01 4.347131000000000256e+01 3.999999799999999772e-01
1.439777800000000063e+01 4.145472300000000132e+01 8.000488000000000044e-01
1.051083000000000034e+01 4.384185999999999694e+01 0.000000000000000000e+00
1.048939700000000030e+01 4.298837999999999937e+01 0.000000000000000000e+00
1.061572999999999922e+01 4.305608999999999753e+01 0.000000000000000000e+00
1.208780299999999919e+01 4.327485999999999677e+01 0.000000000000000000e+00
1.277361100000000071e+01 4.264694599999999980e+01 0.000000000000000000e+00
1.227416700000000027e+01 4.381971999999999667e+01 0.000000000000000000e+00
1.208780299999999919e+01 4.327485999999999677e+01 0.000000000000000000e+00
1.374575199999999953e+01 3.774266000000000076e+01 0.000000000000000000e+00
8.513056000000000623e+00 4.574805500000000080e+01 0.000000000000000000e+00
1.314511199999999924e+01 4.569161600000000334e+01 0.000000000000000000e+00
1.422556999999999938e+01 3.767025999999999897e+01 0.000000000000000000e+00
1.487250000000000050e+01 3.782613800000000026e+01 0.000000000000000000e+00
8.938888999999999641e+00 3.937166599999999761e+01 2.200195299999999854e+00
1.349502799999999958e+01 3.785061300000000273e+01 0.000000000000000000e+00
9.395832999999999657e+00 3.930499999999999972e+01 0.000000000000000000e+00
1.149527699999999975e+01 4.439083500000000271e+01 0.000000000000000000e+00
9.513056000000000623e+00 3.979555500000000023e+01 0.000000000000000000e+00
1.466658299999999926e+01 3.803802999999999912e+01 0.000000000000000000e+00
9.047499999999999432e+00 3.985083399999999898e+01 0.000000000000000000e+00
8.563055999999999557e+00 3.930083499999999930e+01 0.000000000000000000e+00
8.394444000000000017e+00 4.003694500000000289e+01 0.000000000000000000e+00
1.433952799999999961e+01 3.786119500000000215e+01 0.000000000000000000e+00
9.102499999999999147e+00 4.072611200000000053e+01 0.000000000000000000e+00
8.913610999999999507e+00 4.017111200000000082e+01 0.000000000000000000e+00
1.336697200000000052e+01 3.787677800000000161e+01 0.000000000000000000e+00
9.411666999999999561e+00 4.010916499999999729e+01 0.000000000000000000e+00
1.462313900000000011e+01 3.795364000000000004e+01 0.000000000000000000e+00
8.409162000000000248e+00 4.587546999999999997e+01 0.000000000000000000e+00
1.276421599999999934e+01 4.384981499999999954e+01 0.000000000000000000e+00
8.965277999999999636e+00 3.915722300000000189e+01 0.000000000000000000e+00
8.190277999999999281e+00 4.617611000000000132e+01 0.000000000000000000e+00
1.330879999999999974e+01 4.283738300000000265e+01 0.000000000000000000e+00
1.346413300000000035e+01 4.292006700000000308e+01 0.000000000000000000e+00
1.349601649999999964e+01 4.301811599999999913e+01 0.000000000000000000e+00
7.879166599999999576e+00 4.504666499999999729e+01 0.000000000000000000e+00
1.598329999999999984e+01 4.042669999999999675e+01 0.000000000000000000e+00
8.931388999999999356e+00 4.479889000000000010e+01 0.000000000000000000e+00
7.290833499999999745e+00 4.494916500000000070e+01 0.000000000000000000e+00
1.653890000000000171e+01 4.051420000000000243e+01 0.000000000000000000e+00
9.023056000000000409e+00 4.467860999999999905e+01 0.000000000000000000e+00
7.714722000000000079e+00 4.553222300000000189e+01 4.003906199999999749e-01
1.632219999999999871e+01 4.043070000000000164e+01 0.000000000000000000e+00
1.675440000000000040e+01 4.047560000000000002e+01 0.000000000000000000e+00
6.783056000000000196e+00 4.492055500000000023e+01 0.000000000000000000e+00
1.676849999999999952e+01 4.058420000000000272e+01 0.000000000000000000e+00
1.372411600000000043e+01 4.302714999999999890e+01 0.000000000000000000e+00
6.981666599999999612e+00 4.448528000000000304e+01 0.000000000000000000e+00
1.300839999999999996e+01 4.385221500000000106e+01 0.000000000000000000e+00
8.567500000000000782e+00 4.609861000000000075e+01 2.031250000000000000e-01
8.016666000000000736e+00 4.576944400000000002e+01 0.000000000000000000e+00
1.363791699999999985e+01 4.321901700000000091e+01 0.000000000000000000e+00
6.963333000000000439e+00 4.514083500000000271e+01 0.000000000000000000e+00
1.310826699999999967e+01 4.353031500000000165e+01 0.000000000000000000e+00
1.321916700000000056e+01 4.314309999999999690e+01 0.000000000000000000e+00
8.221666000000000807e+00 4.567389000000000010e+01 0.000000000000000000e+00
1.256286599999999964e+01 4.375736599999999754e+01 0.000000000000000000e+00
8.447222000000000008e+00 4.588027999999999906e+01 0.000000000000000000e+00
1.229630000000000045e+01 4.378419999999999845e+01 0.000000000000000000e+00
6.985000000000000320e+00 4.519166599999999789e+01 0.000000000000000000e+00
7.074722300000000352e+00 4.503694500000000289e+01 0.000000000000000000e+00
7.237222000000000044e+00 4.514721999999999724e+01 0.000000000000000000e+00
1.299694399999999916e+01 4.577221999999999724e+01 0.000000000000000000e+00
1.398700799999999944e+01 3.775594300000000203e+01 0.000000000000000000e+00
1.633500000000000085e+01 3.907388999999999868e+01 0.000000000000000000e+00
1.591944400000000037e+01 3.794722399999999851e+01 0.000000000000000000e+00
1.579833299999999952e+01 3.807083500000000242e+01 0.000000000000000000e+00
8.408611000000000502e+00 4.501861199999999741e+01 0.000000000000000000e+00
1.240878999999999976e+01 4.244330599999999976e+01 0.000000000000000000e+00
1.570250000000000057e+01 3.815027599999999808e+01 0.000000000000000000e+00
1.254055600000000048e+01 4.260889000000000237e+01 0.000000000000000000e+00
1.629944400000000115e+01 3.865917000000000314e+01 0.000000000000000000e+00
1.267777799999999999e+01 4.181333000000000055e+01 0.000000000000000000e+00
1.265833399999999997e+01 4.304444500000000318e+01 0.000000000000000000e+00
1.571583399999999919e+01 3.823499999999999943e+01 0.000000000000000000e+00
1.319444499999999998e+01 4.275000000000000000e+01 0.000000000000000000e+00
1.625527800000000056e+01 3.912944399999999945e+01 0.000000000000000000e+00
1.568972199999999972e+01 3.811944600000000349e+01 0.000000000000000000e+00
1.262694499999999920e+01 4.222027599999999836e+01 0.000000000000000000e+00
1.203388900000000028e+01 4.225416599999999789e+01 0.000000000000000000e+00
1.662083200000000005e+01 3.898528000000000304e+01 0.000000000000000000e+00
8.906389000000000777e+00 4.475610999999999962e+01 0.000000000000000000e+00
1.676638799999999918e+01 3.911444500000000346e+01 0.000000000000000000e+00
1.461416600000000088e+01 4.082944499999999977e+01 3.200012200000000195e+00
1.204666699999999935e+01 4.358805499999999711e+01 0.000000000000000000e+00
1.574861100000000036e+01 3.802638999999999925e+01 0.000000000000000000e+00
1.623555599999999899e+01 3.930583200000000232e+01 0.000000000000000000e+00
7.411111000000000004e+00 4.445139000000000351e+01 0.000000000000000000e+00
8.111389000000000848e+00 4.583471999999999724e+01 0.000000000000000000e+00
1.656500000000000128e+01 3.895139000000000351e+01 0.000000000000000000e+00
8.085000000000000853e+00 4.573222400000000221e+01 0.000000000000000000e+00
8.102499999999999147e+00 4.560777699999999868e+01 0.000000000000000000e+00
7.891666999999999987e+00 4.556083300000000236e+01 0.000000000000000000e+00
7.211110999999999827e+00 4.544027700000000181e+01 0.000000000000000000e+00
1.628083399999999870e+01 3.917527799999999871e+01 0.000000000000000000e+00
7.360277700000000145e+00 4.519639000000000095e+01 0.000000000000000000e+00
7.469999999999999751e+00 4.519360999999999962e+01 0.000000000000000000e+00
7.201944400000000357e+00 4.487527999999999651e+01 0.000000000000000000e+00
7.250000000000000000e+00 4.473194500000000318e+01 0.000000000000000000e+00
6.980555500000000357e+00 4.457444399999999973e+01 0.000000000000000000e+00
1.599249999999999972e+01 3.988499999999999801e+01 0.000000000000000000e+00
8.677777999999999992e+00 4.604277799999999843e+01 0.000000000000000000e+00
1.663610999999999862e+01 3.957916600000000074e+01 0.000000000000000000e+00
1.648138799999999904e+01 3.887694499999999920e+01 0.000000000000000000e+00
1.615388899999999950e+01 3.897278000000000020e+01 0.000000000000000000e+00
1.616138799999999875e+01 3.873277699999999868e+01 0.000000000000000000e+00
1.601666600000000074e+01 3.857972300000000132e+01 0.000000000000000000e+00
7.163055400000000184e+00 4.494666699999999793e+01 0.000000000000000000e+00
1.590416600000000003e+01 3.867860999999999905e+01 0.000000000000000000e+00
1.613222299999999976e+01 3.852638999999999925e+01 0.000000000000000000e+00
7.324444299999999686e+00 4.440944300000000311e+01 0.000000000000000000e+00
1.688583399999999912e+01 3.921444300000000283e+01 0.000000000000000000e+00
1.667111200000000082e+01 3.919027700000000181e+01 0.000000000000000000e+00
1.667111200000000082e+01 3.919027700000000181e+01 0.000000000000000000e+00
7.497778000000000276e+00 4.481194299999999942e+01 0.000000000000000000e+00
7.121389999999999887e+00 4.560779999999999745e+01 0.000000000000000000e+00
1.438055499999999931e+01 4.079416700000000162e+01 2.599975600000000053e+00
1.491222199999999987e+01 4.078694500000000289e+01 5.400024400000000391e+00
7.191670000000000229e+00 4.557970000000000255e+01 0.000000000000000000e+00
8.156110999999999223e+00 4.598666800000000165e+01 0.000000000000000000e+00
1.699527700000000152e+01 3.918444399999999916e+01 0.000000000000000000e+00
7.851389000000000173e+00 4.518139000000000038e+01 0.000000000000000000e+00
7.420277600000000362e+00 4.503555699999999717e+01 0.000000000000000000e+00
1.710944399999999987e+01 3.924333200000000232e+01 0.000000000000000000e+00
1.710611199999999954e+01 3.931083300000000236e+01 0.000000000000000000e+00
7.795277600000000362e+00 4.542000000000000171e+01 0.000000000000000000e+00
1.683444400000000130e+01 3.946555699999999689e+01 0.000000000000000000e+00
1.677694500000000133e+01 3.960278000000000276e+01 0.000000000000000000e+00
8.627499999999999503e+00 4.567389000000000010e+01 0.000000000000000000e+00
1.642305599999999899e+01 3.969749999999999801e+01 0.000000000000000000e+00
8.364722000000000435e+00 4.583611299999999744e+01 0.000000000000000000e+00
1.627111000000000018e+01 3.983361000000000018e+01 0.000000000000000000e+00
7.273888999999999605e+00 4.522778000000000276e+01 0.000000000000000000e+00
1.619916699999999921e+01 3.985416800000000137e+01 0.000000000000000000e+00
1.616027800000000170e+01 3.981027600000000177e+01 0.000000000000000000e+00
7.817499999999999893e+00 4.538000000000000256e+01 0.000000000000000000e+00
1.637805600000000084e+01 3.848472199999999788e+01 0.000000000000000000e+00
1.628860999999999848e+01 3.835166499999999701e+01 0.000000000000000000e+00
1.677222300000000033e+01 3.924944299999999942e+01 0.000000000000000000e+00
1.597333300000000023e+01 3.961999999999999744e+01 0.000000000000000000e+00
1.650555599999999856e+01 3.878444300000000311e+01 0.000000000000000000e+00
1.382233599999999996e+01 4.221414000000000044e+01 0.000000000000000000e+00
1.655055600000000027e+01 3.862166599999999761e+01 0.000000000000000000e+00
1.656444400000000172e+01 3.852221999999999724e+01 0.000000000000000000e+00
1.423437099999999944e+01 4.230854000000000070e+01 0.000000000000000000e+00
1.639694400000000130e+01 3.841111000000000075e+01 0.000000000000000000e+00
1.624305499999999824e+01 3.941250000000000142e+01 0.000000000000000000e+00
7.478333499999999745e+00 4.463250000000000028e+01 0.000000000000000000e+00
1.622333300000000023e+01 3.954083299999999923e+01 0.000000000000000000e+00
1.598388899999999957e+01 3.946083500000000299e+01 0.000000000000000000e+00
1.590111100000000022e+01 3.979500000000000171e+01 0.000000000000000000e+00
1.583000000000000007e+01 3.977972400000000164e+01 0.000000000000000000e+00
1.585305600000000048e+01 3.972527699999999840e+01 0.000000000000000000e+00
7.674166699999999786e+00 4.501722300000000132e+01 0.000000000000000000e+00
1.614277799999999985e+01 3.966166700000000134e+01 0.000000000000000000e+00
1.614277799999999985e+01 3.966166700000000134e+01 0.000000000000000000e+00
8.333611499999999950e+00 4.564249999999999829e+01 0.000000000000000000e+00
1.615916599999999903e+01 3.907583199999999835e+01 0.000000000000000000e+00
7.412778000000000311e+00 4.533555599999999686e+01 0.000000000000000000e+00
1.664388800000000046e+01 3.933471999999999724e+01 0.000000000000000000e+00
8.076110999999999152e+00 4.444555700000000087e+01 0.000000000000000000e+00
1.655222099999999941e+01 3.933138999999999896e+01 0.000000000000000000e+00
8.113054999999999239e+00 4.478694500000000289e+01 0.000000000000000000e+00
8.188055999999999557e+00 4.449222000000000321e+01 0.000000000000000000e+00
1.598972200000000043e+01 3.984111000000000047e+01 0.000000000000000000e+00
8.301389000000000351e+00 4.461055400000000049e+01 0.000000000000000000e+00
1.615388899999999950e+01 3.962666699999999764e+01 0.000000000000000000e+00
8.492499999999999716e+00 4.455360999999999905e+01 0.000000000000000000e+00
1.640083299999999866e+01 3.924944299999999942e+01 0.000000000000000000e+00
1.642722099999999941e+01 3.937610999999999706e+01 0.000000000000000000e+00
1.585805500000000023e+01 3.800305600000000084e+01 0.000000000000000000e+00
1.138324199999999919e+01 4.531652499999999861e+01 0.000000000000000000e+00
9.187500000000000000e+00 4.461333499999999930e+01 0.000000000000000000e+00
1.607027799999999829e+01 3.807500000000000284e+01 0.000000000000000000e+00
1.613055599999999856e+01 3.801527800000000212e+01 0.000000000000000000e+00
1.581861100000000064e+01 3.802861000000000047e+01 0.000000000000000000e+00
8.009444000000000230e+00 4.587972299999999848e+01 1.798828099999999930e+00
1.642138900000000135e+01 3.957527999999999935e+01 0.000000000000000000e+00
7.489444299999999721e+00 4.419416799999999768e+01 0.000000000000000000e+00
1.633194400000000002e+01 3.988499999999999801e+01 0.000000000000000000e+00
1.630083300000000079e+01 3.967611000000000132e+01 0.000000000000000000e+00
7.127777599999999936e+00 4.468777999999999651e+01 0.000000000000000000e+00
7.850278000000000311e+00 4.528805499999999995e+01 0.000000000000000000e+00
1.591388899999999929e+01 3.847916800000000137e+01 0.000000000000000000e+00
6.847222300000000317e+00 4.489110999999999763e+01 0.000000000000000000e+00
1.671499999999999986e+01 3.926333199999999835e+01 0.000000000000000000e+00
7.115555999999999770e+00 4.481860999999999962e+01 0.000000000000000000e+00
1.637944399999999945e+01 3.995750000000000313e+01 0.000000000000000000e+00
7.088611000000000217e+00 4.454611200000000082e+01 0.000000000000000000e+00
1.673166700000000162e+01 3.941305499999999995e+01 0.000000000000000000e+00
1.602444500000000005e+01 3.872249999999999659e+01 0.000000000000000000e+00
8.456110999999999933e+00 4.616805599999999998e+01 7.968750000000000000e-01
6.836388999999999605e+00 4.496750000000000114e+01 0.000000000000000000e+00
6.753889000000000031e+00 4.502611000000000274e+01 0.000000000000000000e+00
1.382975000000000065e+01 4.215627299999999877e+01 0.000000000000000000e+00
1.660194399999999959e+01 3.888027999999999906e+01 0.000000000000000000e+00
1.578500000000000014e+01 3.792305400000000049e+01 0.000000000000000000e+00
8.820755999999999375e+00 4.574873000000000189e+01 0.000000000000000000e+00
7.691944600000000243e+00 4.441805599999999998e+01 0.000000000000000000e+00
8.233333999999999264e+00 4.467416800000000165e+01 0.000000000000000000e+00
8.807691000000000159e+00 4.568949500000000086e+01 0.000000000000000000e+00
1.647222100000000111e+01 3.940805399999999992e+01 0.000000000000000000e+00
1.647222100000000111e+01 3.940805399999999992e+01 0.000000000000000000e+00
7.638611299999999993e+00 4.429860999999999649e+01 0.000000000000000000e+00
1.656777800000000056e+01 3.907027999999999679e+01 0.000000000000000000e+00
7.949167000000000094e+00 4.556860999999999962e+01 4.003906199999999749e-01
9.307096500000000106e+00 4.578301199999999938e+01 0.000000000000000000e+00
1.657333399999999912e+01 4.011028000000000304e+01 0.000000000000000000e+00
1.652194400000000130e+01 3.986694299999999913e+01 0.000000000000000000e+00
8.075832999999999373e+00 4.566138999999999726e+01 0.000000000000000000e+00
9.511348999999999165e+00 4.583984000000000236e+01 8.000000000000000444e-01
7.883611000000000146e+00 4.515055499999999711e+01 0.000000000000000000e+00
7.487499999999999822e+00 4.551333199999999835e+01 0.000000000000000000e+00
9.324676500000000701e+00 4.618184300000000064e+01 0.000000000000000000e+00
1.611888899999999936e+01 3.923305500000000023e+01 0.000000000000000000e+00
8.802500000000000213e+00 4.541528000000000276e+01 0.000000000000000000e+00
7.547221999999999653e+00 4.438777999999999935e+01 0.000000000000000000e+00
1.684138899999999950e+01 3.954361000000000104e+01 0.000000000000000000e+00
1.136725299999999983e+01 4.584468999999999994e+01 0.000000000000000000e+00
1.691777799999999843e+01 3.935527799999999843e+01 0.000000000000000000e+00
1.196646100000000068e+01 4.635236700000000098e+01 2.000732400000000133e-01
8.506389000000000422e+00 4.582666799999999796e+01 0.000000000000000000e+00
8.991944000000000159e+00 4.478417000000000314e+01 0.000000000000000000e+00
8.205833000000000155e+00 4.621500000000000341e+01 0.000000000000000000e+00
1.708833299999999866e+01 3.895388799999999918e+01 0.000000000000000000e+00
8.141666000000000736e+00 4.627499999999999858e+01 1.992187500000000000e-01
1.675888799999999890e+01 3.890944300000000311e+01 0.000000000000000000e+00
7.366939999999999600e+00 4.558780000000000143e+01 0.000000000000000000e+00
1.627666699999999977e+01 3.829111000000000331e+01 0.000000000000000000e+00
1.633500000000000085e+01 3.904916800000000165e+01 0.000000000000000000e+00
1.608555600000000041e+01 3.827750000000000341e+01 0.000000000000000000e+00
6.888888999999999818e+00 4.495139000000000351e+01 0.000000000000000000e+00
1.564694399999999952e+01 3.799527700000000152e+01 0.000000000000000000e+00
1.640388899999999950e+01 3.896999999999999886e+01 0.000000000000000000e+00
1.645361099999999865e+01 3.905416499999999758e+01 0.000000000000000000e+00
7.308889999999999887e+00 4.566440000000000055e+01 0.000000000000000000e+00
1.616722299999999990e+01 3.911860999999999677e+01 0.000000000000000000e+00
1.624249999999999972e+01 3.935083399999999898e+01 0.000000000000000000e+00
6.704166999999999987e+00 4.506416699999999764e+01 0.000000000000000000e+00
1.606777800000000056e+01 3.943361300000000114e+01 0.000000000000000000e+00
1.590249999999999986e+01 3.958416700000000077e+01 0.000000000000000000e+00
1.582111100000000015e+01 3.992777600000000149e+01 0.000000000000000000e+00
7.603060000000000151e+00 4.592999999999999972e+01 7.998047000000000351e-01
1.633277700000000010e+01 3.954416700000000162e+01 0.000000000000000000e+00
1.581777800000000056e+01 3.985889000000000237e+01 0.000000000000000000e+00
6.911111000000000004e+00 4.495444499999999977e+01 0.000000000000000000e+00
7.699830000000000396e+00 4.398152000000000328e+01 0.000000000000000000e+00
1.607416699999999921e+01 3.975110999999999706e+01 0.000000000000000000e+00
1.516580000000000084e+01 3.762169999999999703e+01 0.000000000000000000e+00
1.452833399999999919e+01 3.765500000000000114e+01 0.000000000000000000e+00
1.358890000000000065e+01 3.730469999999999686e+01 0.000000000000000000e+00
1.141416599999999981e+01 4.677972400000000164e+01 5.999999999999999778e-01
1.365750000000000064e+01 3.793529999999999802e+01 0.000000000000000000e+00
1.108805599999999991e+01 4.679611200000000082e+01 1.199999999999999956e+00
1.451859999999999928e+01 3.724060000000000059e+01 0.000000000000000000e+00
1.200768000000000058e+01 4.501567500000000166e+01 0.000000000000000000e+00
1.195775599999999983e+01 4.515926400000000029e+01 0.000000000000000000e+00
1.386110000000000042e+01 3.735969999999999658e+01 0.000000000000000000e+00
1.129582000000000086e+01 4.537550399999999939e+01 0.000000000000000000e+00
1.152950599999999959e+01 4.498944500000000346e+01 0.000000000000000000e+00
1.190611099999999922e+01 4.656444499999999920e+01 8.000000000000000444e-01
1.402360000000000007e+01 3.803470000000000084e+01 0.000000000000000000e+00
1.158415500000000087e+01 4.513472699999999804e+01 0.000000000000000000e+00
1.311444499999999991e+01 3.815500000000000114e+01 0.000000000000000000e+00
1.157053800000000088e+01 4.539775000000000205e+01 0.000000000000000000e+00
1.313250000000000028e+01 3.773810000000000286e+01 0.000000000000000000e+00
1.237967199999999934e+01 4.572323200000000298e+01 0.000000000000000000e+00
1.061416600000000088e+01 4.649360999999999677e+01 0.000000000000000000e+00
1.157629700000000028e+01 4.572043000000000035e+01 0.000000000000000000e+00
1.359289799999999993e+01 3.775321600000000188e+01 0.000000000000000000e+00
1.393300499999999964e+01 3.710098299999999938e+01 0.000000000000000000e+00
1.101059700000000063e+01 4.535083999999999804e+01 0.000000000000000000e+00
1.214155700000000060e+01 4.534942000000000206e+01 0.000000000000000000e+00
7.651944600000000207e+00 4.519222299999999848e+01 0.000000000000000000e+00
1.555330000000000013e+01 3.820250000000000057e+01 0.000000000000000000e+00
1.081463399999999986e+01 4.560804699999999912e+01 0.000000000000000000e+00
1.435689999999999955e+01 3.792669999999999675e+01 0.000000000000000000e+00
1.251561599999999963e+01 4.659389500000000339e+01 8.000000000000000444e-01
1.330059999999999931e+01 3.811639999999999873e+01 0.000000000000000000e+00
1.077166300000000021e+01 4.545487200000000172e+01 0.000000000000000000e+00
7.670833000000000013e+00 4.511249999999999716e+01 0.000000000000000000e+00
1.438396000000000008e+01 3.741058000000000305e+01 0.000000000000000000e+00
1.129382400000000075e+01 4.553646499999999975e+01 0.000000000000000000e+00
1.471000000000000085e+01 3.693249999999999744e+01 0.000000000000000000e+00
1.263080700000000078e+01 4.660205500000000001e+01 1.600000000000000089e+00
7.678888999999999854e+00 4.507750000000000057e+01 0.000000000000000000e+00
1.171269500000000008e+01 4.567133299999999707e+01 0.000000000000000000e+00
1.209970900000000071e+01 4.524367000000000161e+01 0.000000000000000000e+00
7.953889000000000209e+00 4.428611000000000075e+01 0.000000000000000000e+00
1.214506100000000011e+01 4.522690200000000260e+01 0.000000000000000000e+00
7.744167000000000023e+00 4.431000000000000227e+01 0.000000000000000000e+00
1.459622599999999970e+01 3.801327500000000015e+01 0.000000000000000000e+00
1.122419900000000048e+01 4.542497999999999791e+01 0.000000000000000000e+00
1.172081850000000003e+01 4.509313600000000122e+01 0.000000000000000000e+00
7.500000000000000000e+00 4.508083299999999838e+01 0.000000000000000000e+00
1.257556600000000024e+01 4.657877700000000232e+01 1.400000099999999970e+00
1.084875000000000078e+01 4.559956999999999994e+01 0.000000000000000000e+00
1.510440000000000005e+01 3.808109999999999928e+01 0.000000000000000000e+00
6.979721999999999760e+00 4.468194600000000349e+01 7.998047000000000351e-01
1.423719999999999963e+01 3.797639999999999816e+01 0.000000000000000000e+00
1.169772000000000034e+01 4.530471800000000115e+01 0.000000000000000000e+00
6.907499999999999751e+00 4.452111000000000018e+01 0.000000000000000000e+00
1.210445900000000030e+01 4.590212600000000265e+01 0.000000000000000000e+00
7.114722300000000388e+00 4.430250000000000199e+01 0.000000000000000000e+00
1.227848099999999931e+01 4.551730700000000240e+01 0.000000000000000000e+00
7.434166399999999619e+00 4.429083299999999923e+01 0.000000000000000000e+00
7.836388999999999605e+00 4.427472300000000160e+01 0.000000000000000000e+00
7.518333400000000388e+00 4.426389000000000351e+01 0.000000000000000000e+00
1.167863999999999969e+01 4.499058000000000135e+01 0.000000000000000000e+00
7.933888999999999747e+00 4.502083199999999863e+01 0.000000000000000000e+00
1.174268799999999935e+01 4.530014400000000308e+01 0.000000000000000000e+00
1.188273599999999952e+01 4.631313000000000102e+01 1.199999999999999956e+00
8.191112000000000393e+00 4.491861000000000104e+01 0.000000000000000000e+00
1.175218300000000049e+01 4.559472000000000236e+01 0.000000000000000000e+00
1.101350200000000079e+01 4.550975999999999999e+01 0.000000000000000000e+00
1.165407599999999988e+01 4.551669299999999652e+01 0.000000000000000000e+00
7.964444600000000207e+00 4.436805700000000030e+01 0.000000000000000000e+00
1.174647599999999947e+01 4.604986000000000246e+01 0.000000000000000000e+00
7.264722299999999855e+00 4.468305600000000055e+01 0.000000000000000000e+00
1.565694399999999931e+01 4.057416500000000070e+01 0.000000000000000000e+00
1.230351199999999956e+01 4.626151999999999731e+01 1.000000000000000000e+00
1.564138900000000021e+01 4.047972000000000037e+01 0.000000000000000000e+00
1.563722199999999951e+01 4.063750000000000284e+01 0.000000000000000000e+00
1.163364499999999957e+01 4.509241999999999706e+01 0.000000000000000000e+00
1.260365600000000086e+01 4.664463800000000049e+01 1.000000000000000000e+00
1.194237000000000037e+01 4.577892299999999892e+01 0.000000000000000000e+00
1.416388899999999929e+01 4.079361000000000104e+01 1.400024399999999947e+00
1.416388899999999929e+01 4.079361000000000104e+01 1.400024399999999947e+00
8.596666000000000807e+00 4.033166500000000099e+01 0.000000000000000000e+00
1.148088300000000039e+01 4.511740000000000350e+01 0.000000000000000000e+00
6.951666999999999597e+00 4.522472400000000192e+01 0.000000000000000000e+00
1.142279150000000065e+01 4.524777000000000271e+01 0.000000000000000000e+00
6.705277999999999849e+00 4.510638800000000259e+01 0.000000000000000000e+00
1.182713599999999943e+01 4.603210399999999680e+01 0.000000000000000000e+00
7.485000000000000320e+00 4.564470000000000027e+01 0.000000000000000000e+00
1.190848350000000089e+01 4.540496399999999966e+01 0.000000000000000000e+00
1.340000000000000036e+01 4.630583200000000232e+01 0.000000000000000000e+00
1.383277799999999935e+01 4.563499999999999801e+01 0.000000000000000000e+00
1.200683700000000087e+01 4.651872999999999791e+01 1.199999999999999956e+00
1.182249499999999998e+01 4.648343700000000212e+01 1.400000099999999970e+00
1.504083299999999923e+01 4.142222199999999788e+01 4.399963399999999858e+00
1.504083299999999923e+01 4.142222199999999788e+01 4.400024400000000391e+00
1.180160200000000081e+01 4.633914000000000044e+01 1.000000000000000000e+00
8.477499999999999147e+00 4.029055400000000020e+01 0.000000000000000000e+00
1.206900899999999943e+01 4.643719999999999715e+01 2.000000000000000111e-01
8.481666999999999845e+00 3.918860999999999706e+01 0.000000000000000000e+00
1.209312249999999977e+01 4.637935000000000230e+01 8.000000000000000444e-01
8.441112000000000393e+00 4.577388799999999947e+01 0.000000000000000000e+00
1.211232949999999953e+01 4.659362000000000137e+01 1.000000000000000000e+00
8.328055000000000874e+00 4.575222399999999823e+01 0.000000000000000000e+00
1.209595700000000029e+01 4.645098500000000286e+01 4.000000000000000222e-01
7.365277999999999992e+00 4.523166700000000162e+01 0.000000000000000000e+00
1.174011899999999997e+01 4.580572000000000088e+01 0.000000000000000000e+00
7.313888999999999641e+00 4.545305599999999657e+01 0.000000000000000000e+00
1.545861149999999995e+01 4.013194299999999970e+01 0.000000000000000000e+00
8.531110999999999223e+00 4.596027800000000241e+01 0.000000000000000000e+00
1.545861149999999995e+01 4.013194299999999970e+01 0.000000000000000000e+00
1.193977499999999914e+01 4.592551799999999673e+01 0.000000000000000000e+00
7.165277999999999814e+00 4.525999999999999801e+01 0.000000000000000000e+00
1.239588799999999935e+01 4.564140299999999684e+01 0.000000000000000000e+00
7.221944299999999650e+00 4.530250000000000199e+01 0.000000000000000000e+00
1.226177799999999962e+01 4.507113999999999976e+01 0.000000000000000000e+00
1.670119899999999902e+01 4.055866000000000327e+01 0.000000000000000000e+00
1.486055849999999978e+01 4.183501400000000103e+01 2.001953099999999874e-01
1.224264299999999928e+01 4.643717600000000090e+01 1.000000000000000000e+00
9.591666000000000025e+00 4.469222299999999848e+01 0.000000000000000000e+00
1.110933999999999955e+01 4.522973600000000260e+01 0.000000000000000000e+00
8.620276999999999745e+00 3.897444500000000289e+01 0.000000000000000000e+00
8.848888999999999783e+00 3.903305399999999992e+01 0.000000000000000000e+00
1.383833300000000044e+01 4.119639000000000095e+01 2.000122000000000011e-01
1.383833300000000044e+01 4.119639000000000095e+01 0.000000000000000000e+00
8.998611000000000359e+00 3.901694499999999977e+01 0.000000000000000000e+00
1.157662799999999947e+01 4.503150000000000119e+01 0.000000000000000000e+00
1.284722200000000036e+01 4.183027599999999779e+01 0.000000000000000000e+00
1.122486100000000064e+01 4.554832499999999840e+01 0.000000000000000000e+00
1.239682200000000023e+01 4.618043000000000120e+01 5.600000399999999878e+00
1.088807000000000080e+01 4.550930999999999926e+01 0.000000000000000000e+00
1.207247899999999952e+01 4.607840999999999809e+01 1.000000000000000000e+00
1.223305500000000023e+01 4.335944400000000343e+01 0.000000000000000000e+00
1.254222200000000065e+01 4.196582999999999686e+01 0.000000000000000000e+00
1.250833300000000037e+01 4.186416599999999733e+01 0.000000000000000000e+00
1.344055600000000084e+01 4.140666600000000130e+01 0.000000000000000000e+00
1.195772700000000022e+01 4.622965200000000152e+01 0.000000000000000000e+00
1.528194399999999931e+01 4.086194600000000321e+01 3.000000000000000000e+00
1.528194399999999931e+01 4.086194600000000321e+01 3.000000000000000000e+00
1.279638899999999957e+01 4.249139000000000266e+01 0.000000000000000000e+00
1.300000000000000000e+01 4.210166499999999701e+01 0.000000000000000000e+00
1.215447999999999951e+01 4.604834699999999970e+01 1.600000000000000089e+00
1.313555500000000009e+01 4.227111000000000018e+01 0.000000000000000000e+00
1.169453700000000040e+01 4.519659399999999749e+01 0.000000000000000000e+00
1.332194400000000023e+01 4.189805599999999686e+01 0.000000000000000000e+00
1.258466149999999928e+01 4.648692299999999733e+01 1.199999999999999956e+00
1.245749999999999957e+01 4.188110999999999962e+01 0.000000000000000000e+00
1.286416600000000088e+01 4.252527599999999808e+01 0.000000000000000000e+00
1.293194500000000069e+01 4.244055600000000084e+01 0.000000000000000000e+00
1.224278100000000080e+01 4.627820200000000028e+01 2.000000000000000000e+00
1.255916700000000041e+01 4.227111000000000018e+01 0.000000000000000000e+00
1.207539500000000032e+01 4.614063600000000065e+01 0.000000000000000000e+00
1.483666700000000027e+01 4.064388999999999896e+01 4.500000000000000000e+00
7.918055500000000357e+00 4.595333500000000271e+01 0.000000000000000000e+00
1.483666700000000027e+01 4.064388999999999896e+01 4.400024400000000391e+00
1.236301600000000001e+01 4.615155000000000030e+01 3.800000199999999939e+00
1.249194400000000016e+01 4.407194499999999948e+01 0.000000000000000000e+00
1.202573699999999945e+01 4.560240600000000200e+01 0.000000000000000000e+00
1.142663100000000043e+01 4.502166700000000077e+01 0.000000000000000000e+00
1.186945700000000059e+01 4.635544999999999760e+01 1.399999999999999911e+00
1.135788499999999956e+01 4.557923499999999706e+01 0.000000000000000000e+00
1.190478799999999993e+01 4.642867300000000341e+01 8.000000000000000444e-01
1.130863399999999963e+01 4.563129399999999691e+01 0.000000000000000000e+00
1.203319100000000041e+01 4.627804600000000335e+01 0.000000000000000000e+00
1.200709699999999991e+01 4.588205700000000320e+01 0.000000000000000000e+00
1.454055600000000048e+01 4.064694599999999980e+01 4.200073200000000284e+00
1.454055600000000048e+01 4.064694599999999980e+01 4.199951000000000434e+00
1.187607299999999988e+01 4.649998500000000234e+01 1.199999999999999956e+00
1.073179299999999969e+01 4.536036699999999655e+01 0.000000000000000000e+00
1.180606099999999969e+01 4.589728000000000208e+01 0.000000000000000000e+00
1.128774199999999972e+01 4.515740999999999872e+01 0.000000000000000000e+00
1.076590999999999987e+01 4.551796000000000220e+01 0.000000000000000000e+00
1.232809600000000039e+01 4.542996600000000029e+01 0.000000000000000000e+00
1.224470799999999926e+01 4.616467999999999705e+01 2.000000000000000000e+00
1.101759000000000022e+01 4.541626699999999772e+01 0.000000000000000000e+00
1.103859199999999952e+01 4.561935400000000129e+01 0.000000000000000000e+00
1.482499999999999929e+01 4.111500000000000199e+01 4.000000000000000000e+00
1.482499999999999929e+01 4.111500000000000199e+01 0.000000000000000000e+00
1.218456600000000023e+01 4.634667000000000314e+01 1.000000000000000000e+00
1.152039300000000033e+01 4.552434999999999832e+01 0.000000000000000000e+00
1.192220599999999919e+01 4.507144999999999868e+01 0.000000000000000000e+00
1.223496199999999945e+01 4.574894299999999703e+01 0.000000000000000000e+00
1.194778250000000064e+01 4.569492000000000331e+01 0.000000000000000000e+00
1.217483499999999985e+01 4.559066800000000086e+01 0.000000000000000000e+00
1.130253100000000011e+01 4.503101699999999852e+01 0.000000000000000000e+00
1.513611099999999965e+01 4.119666699999999793e+01 3.600036600000000142e+00
1.228232700000000044e+01 4.588132499999999681e+01 0.000000000000000000e+00
1.513611099999999965e+01 4.119666699999999793e+01 3.600036600000000142e+00
1.212739700000000020e+01 4.653669000000000011e+01 1.199999999999999956e+00
1.350174999999999947e+01 4.349231699999999989e+01 0.000000000000000000e+00
1.241035899999999970e+01 4.646094999999999686e+01 2.600000099999999925e+00
1.353805000000000014e+01 4.343804999999999694e+01 0.000000000000000000e+00
1.189462499999999956e+01 4.601619999999999777e+01 0.000000000000000000e+00
1.359435000000000038e+01 4.347546799999999934e+01 0.000000000000000000e+00
1.208720300000000059e+01 4.516150300000000328e+01 0.000000000000000000e+00
1.309863299999999953e+01 4.292618000000000222e+01 0.000000000000000000e+00
1.523694399999999938e+01 4.056194299999999942e+01 6.000000000000000000e+00
1.117156100000000052e+01 4.546030400000000071e+01 0.000000000000000000e+00
1.275871700000000075e+01 4.362810000000000343e+01 0.000000000000000000e+00
1.523694399999999938e+01 4.056194299999999942e+01 6.000000000000000000e+00
1.276750000000000007e+01 4.369259999999999877e+01 0.000000000000000000e+00
1.194947050000000033e+01 4.534701499999999896e+01 0.000000000000000000e+00
1.337233299999999936e+01 4.362946699999999822e+01 0.000000000000000000e+00
1.334046700000000030e+01 4.364629999999999654e+01 0.000000000000000000e+00
1.137964200000000048e+01 4.539045699999999783e+01 0.000000000000000000e+00
1.017126900000000056e+01 4.587434999999999974e+01 1.199999999999999956e+00
1.311565000000000047e+01 4.344538000000000011e+01 0.000000000000000000e+00
1.217508699999999955e+01 4.652744700000000222e+01 1.400000099999999970e+00
1.299404999999999966e+01 4.298368500000000125e+01 0.000000000000000000e+00
1.353753299999999982e+01 4.284964999999999691e+01 0.000000000000000000e+00
1.040029200000000031e+01 4.643832799999999850e+01 4.000000000000000222e-01
1.244015599999999999e+01 4.611907599999999974e+01 2.399999999999999911e+00
1.504277800000000020e+01 4.051222200000000129e+01 2.200012200000000195e+00
1.146439200000000014e+01 4.566931000000000296e+01 0.000000000000000000e+00
1.294331700000000041e+01 4.325312999999999874e+01 0.000000000000000000e+00
1.502944500000000083e+01 4.088000000000000256e+01 0.000000000000000000e+00
1.496583399999999919e+01 4.046861299999999773e+01 2.200012200000000195e+00
1.014345800000000075e+01 4.653567999999999927e+01 0.000000000000000000e+00
1.462527749999999926e+01 4.094138699999999886e+01 2.799987799999999805e+00
1.371175000000000033e+01 4.296804999999999808e+01 0.000000000000000000e+00
1.457333399999999912e+01 4.078000000000000114e+01 3.000000000000000000e+00
1.529250000000000043e+01 4.060472000000000037e+01 2.399963399999999858e+00
1.230779099999999993e+01 4.558073999999999870e+01 0.000000000000000000e+00
1.340658299999999947e+01 4.273741499999999860e+01 0.000000000000000000e+00
1.517027799999999971e+01 4.047611200000000053e+01 2.000000000000000000e+00
1.323818299999999937e+01 4.273848300000000222e+01 0.000000000000000000e+00
1.448611099999999929e+01 4.102750000000000341e+01 2.000000000000000000e+00
1.297075000000000067e+01 4.315903500000000292e+01 0.000000000000000000e+00
1.252393499999999982e+01 4.571711700000000178e+01 0.000000000000000000e+00
1.446388900000000000e+01 4.065361000000000047e+01 4.200012000000000079e+00
1.560305600000000048e+01 4.039444400000000002e+01 0.000000000000000000e+00
1.290041699999999913e+01 4.319404999999999717e+01 0.000000000000000000e+00
1.535166599999999981e+01 4.063750000000000284e+01 2.000122000000000011e-01
1.276128699999999938e+01 4.574548699999999712e+01 0.000000000000000000e+00
1.489750000000000085e+01 4.125972399999999851e+01 3.600036600000000142e+00
1.315600000000000058e+01 4.303470000000000084e+01 0.000000000000000000e+00
1.446388900000000000e+01 4.110249999999999915e+01 1.400024399999999947e+00
1.236910100000000057e+01 4.491734000000000293e+01 0.000000000000000000e+00
1.290403300000000009e+01 4.333026999999999873e+01 0.000000000000000000e+00
1.389000000000000057e+01 4.140583399999999870e+01 0.000000000000000000e+00
1.566027700000000067e+01 4.025555399999999651e+01 0.000000000000000000e+00
1.320576699999999981e+01 4.370103499999999741e+01 0.000000000000000000e+00
1.566027700000000067e+01 4.025555399999999651e+01 0.000000000000000000e+00
1.328156700000000079e+01 4.308003200000000277e+01 0.000000000000000000e+00
1.319233299999999964e+01 4.336223199999999878e+01 0.000000000000000000e+00
1.341869999999999941e+01 4.329223300000000307e+01 0.000000000000000000e+00
1.125118699999999983e+01 4.526580400000000282e+01 0.000000000000000000e+00
1.361955000000000027e+01 4.343578300000000070e+01 0.000000000000000000e+00
1.255254500000000029e+01 4.655719799999999964e+01 2.200000300000000131e+00
1.118136999999999937e+01 4.560854299999999739e+01 0.000000000000000000e+00
1.291750000000000043e+01 4.303054999999999808e+01 0.000000000000000000e+00
1.352388299999999965e+01 4.357444999999999879e+01 0.000000000000000000e+00
1.182596900000000062e+01 4.503340000000000032e+01 0.000000000000000000e+00
1.133189999999999920e+01 4.653040000000000020e+01 4.000000000000000222e-01
1.259110000000000085e+01 4.384342000000000183e+01 0.000000000000000000e+00
1.270813500000000040e+01 4.657068000000000296e+01 2.600000099999999925e+00
1.295333300000000065e+01 4.360499999999999687e+01 0.000000000000000000e+00
1.307953299999999963e+01 4.336841600000000341e+01 0.000000000000000000e+00
1.456083300000000058e+01 4.087500000000000000e+01 2.599975600000000053e+00
1.497083399999999997e+01 4.112472000000000349e+01 4.200012000000000079e+00
1.329551700000000025e+01 4.320921700000000243e+01 0.000000000000000000e+00
1.100830099999999945e+01 4.521753999999999962e+01 0.000000000000000000e+00
1.554388900000000007e+01 4.013389000000000095e+01 0.000000000000000000e+00
1.498388899999999957e+01 4.066250000000000142e+01 7.900024400000000391e+00
1.526249999999999929e+01 4.022999999999999687e+01 0.000000000000000000e+00
1.120079999999999920e+01 4.657670000000000243e+01 0.000000000000000000e+00
1.167713449999999931e+01 4.534272800000000103e+01 0.000000000000000000e+00
1.302906699999999951e+01 4.358026999999999873e+01 0.000000000000000000e+00
1.417277799999999921e+01 4.138250000000000028e+01 3.999633799999999795e-01
1.296921700000000044e+01 4.373749999999999716e+01 0.000000000000000000e+00
1.557166699999999970e+01 4.039110999999999763e+01 0.000000000000000000e+00
1.222154699999999927e+01 4.568093499999999807e+01 0.000000000000000000e+00
1.513000000000000078e+01 4.025777999999999679e+01 0.000000000000000000e+00
1.344979999999999976e+01 4.361095000000000255e+01 0.000000000000000000e+00
1.503944399999999959e+01 4.083861000000000274e+01 4.599975599999999609e+00
1.175339999999999918e+01 4.681110000000000326e+01 2.100000000000000089e+00
1.503944399999999959e+01 4.083861000000000274e+01 4.800048999999999566e+00
1.248626100000000072e+01 4.545871400000000051e+01 0.000000000000000000e+00
1.234061699999999995e+01 4.378058200000000255e+01 0.000000000000000000e+00
1.329463299999999926e+01 4.262961599999999862e+01 0.000000000000000000e+00
1.083262799999999970e+01 4.537241999999999820e+01 0.000000000000000000e+00
1.139680000000000071e+01 4.634649999999999892e+01 0.000000000000000000e+00
1.304638300000000051e+01 4.366049999999999898e+01 0.000000000000000000e+00
1.255213299999999954e+01 4.365341600000000000e+01 0.000000000000000000e+00
1.199004200000000075e+01 4.644043700000000285e+01 2.000000000000000111e-01
1.264051699999999911e+01 4.346706799999999760e+01 0.000000000000000000e+00
1.235769999999999946e+01 4.669149999999999778e+01 1.000000000000000000e+00
1.211692099999999961e+01 4.543934600000000046e+01 0.000000000000000000e+00
1.364594999999999914e+01 4.302596700000000141e+01 0.000000000000000000e+00
1.351694499999999977e+01 4.653805499999999995e+01 0.000000000000000000e+00
1.340896700000000052e+01 4.276832000000000278e+01 0.000000000000000000e+00
1.255335000000000001e+01 4.351214999999999833e+01 0.000000000000000000e+00
1.505361100000000008e+01 4.109111000000000047e+01 5.000000000000000000e+00
1.170289999999999964e+01 4.688719999999999999e+01 3.100000399999999878e+00
1.420833299999999966e+01 4.110889000000000237e+01 1.000000000000000000e+00
1.297333300000000023e+01 4.318111799999999789e+01 4.000000000000000222e-01
1.454083299999999923e+01 4.095916700000000077e+01 2.399963399999999858e+00
1.285635000000000083e+01 4.342498400000000203e+01 0.000000000000000000e+00
1.466611100000000079e+01 4.133527800000000241e+01 3.000000000000000000e+00
1.267777799999999999e+01 4.635222199999999759e+01 2.399993999999999961e+00
1.450333299999999959e+01 4.063055399999999651e+01 3.000000000000000000e+00
1.117619999999999969e+01 4.682150000000000034e+01 2.400000299999999864e+00
1.378500000000000014e+01 4.299213400000000007e+01 0.000000000000000000e+00
1.425305600000000084e+01 4.145388799999999918e+01 4.000244000000000022e-01
1.334029999999999916e+01 4.255866600000000233e+01 0.000000000000000000e+00
1.339899999999999913e+01 4.310399999999999920e+01 0.000000000000000000e+00
1.471111100000000071e+01 4.082472200000000129e+01 2.799987799999999805e+00
1.459527800000000042e+01 4.083527800000000241e+01 3.000000000000000000e+00
1.137930000000000064e+01 4.695570000000000022e+01 1.400000099999999970e+00
1.319361100000000064e+01 4.635416800000000137e+01 0.000000000000000000e+00
1.465722200000000086e+01 4.085499999999999687e+01 2.800048799999999893e+00
1.235594999999999999e+01 4.351592000000000127e+01 0.000000000000000000e+00
1.160169999999999924e+01 4.640919999999999845e+01 2.999999999999999889e-01
1.555333300000000030e+01 4.024416699999999736e+01 0.000000000000000000e+00
1.289972200000000058e+01 4.659416600000000130e+01 3.999996200000000002e-01
1.571444400000000030e+01 4.072861000000000331e+01 0.000000000000000000e+00
1.543444399999999916e+01 4.021638999999999697e+01 0.000000000000000000e+00
1.505777699999999975e+01 4.032083500000000242e+01 5.999756000000000533e-01
1.522611099999999951e+01 4.029138999999999982e+01 0.000000000000000000e+00
1.547888850000000005e+01 4.075972399999999851e+01 7.999878000000000267e-01
1.570416600000000074e+01 4.027944600000000008e+01 0.000000000000000000e+00
1.063299999999999912e+01 4.683650000000000091e+01 8.000000999999999918e-01
1.347027800000000042e+01 4.637444299999999942e+01 1.200073200000000062e+00
1.528861099999999951e+01 4.012805600000000084e+01 0.000000000000000000e+00
1.562777799999999928e+01 4.011583300000000207e+01 0.000000000000000000e+00
1.447277700000000067e+01 4.124694399999999916e+01 1.600036599999999920e+00
1.447277700000000067e+01 4.124694399999999916e+01 1.599975600000000053e+00
1.168939999999999912e+01 4.664789999999999992e+01 2.000000000000000111e-01
1.146380000000000088e+01 4.652900000000000347e+01 2.000000000000000111e-01
1.187330000000000041e+01 4.655040000000000333e+01 9.000000400000000012e-01
1.244055600000000084e+01 4.194888999999999868e+01 0.000000000000000000e+00
1.433583400000000019e+01 4.102250000000000085e+01 1.400024399999999947e+00
1.433583400000000019e+01 4.102250000000000085e+01 1.400024399999999947e+00
1.043239999999999945e+01 4.670040000000000191e+01 1.000000000000000056e-01
1.250833300000000037e+01 4.210166499999999701e+01 6.000976599999999772e-01
1.289805600000000041e+01 4.206777999999999906e+01 0.000000000000000000e+00
1.262694499999999920e+01 4.145750000000000313e+01 0.000000000000000000e+00
1.301694499999999977e+01 4.203388999999999953e+01 0.000000000000000000e+00
1.235583300000000051e+01 4.189805599999999686e+01 0.000000000000000000e+00
1.303388900000000028e+01 4.213555499999999654e+01 0.000000000000000000e+00
1.159810000000000052e+01 4.696560000000000201e+01 1.000000000000000000e+00
1.322027800000000042e+01 4.218639000000000294e+01 0.000000000000000000e+00
1.212889999999999979e+01 4.674309999999999832e+01 9.000000400000000012e-01
1.388027800000000056e+01 4.142472000000000065e+01 0.000000000000000000e+00
1.247444400000000009e+01 4.193194600000000349e+01 0.000000000000000000e+00
1.388027800000000056e+01 4.142472000000000065e+01 0.000000000000000000e+00
1.272861100000000079e+01 4.200000000000000000e+01 0.000000000000000000e+00
1.250833300000000037e+01 4.213555499999999654e+01 1.800048799999999893e+00
1.237277800000000028e+01 4.211860999999999677e+01 0.000000000000000000e+00
1.153659999999999997e+01 4.642889999999999873e+01 0.000000000000000000e+00
1.240666700000000056e+01 4.206777999999999906e+01 4.399902299999999933e+00
1.210166599999999981e+01 4.262694499999999920e+01 0.000000000000000000e+00
1.187439999999999962e+01 4.689009999999999678e+01 4.700000300000000131e+00
1.223722300000000018e+01 4.242360999999999649e+01 0.000000000000000000e+00
1.249138899999999985e+01 4.183027599999999779e+01 0.000000000000000000e+00
1.209999999999999964e+01 4.671189999999999998e+01 5.999999999999999778e-01
1.276249999999999929e+01 4.206777999999999906e+01 0.000000000000000000e+00
1.262694499999999920e+01 4.191499999999999915e+01 0.000000000000000000e+00
1.084929999999999950e+01 4.673570000000000135e+01 9.000000999999999696e-01
1.323722300000000018e+01 4.186416599999999733e+01 0.000000000000000000e+00
1.260999999999999943e+01 4.211860999999999677e+01 0.000000000000000000e+00
1.125249999999999950e+01 4.644230000000000302e+01 2.600000099999999925e+00
1.478666699999999956e+01 4.078499999999999659e+01 3.400024399999999947e+00
1.277944500000000083e+01 4.211860999999999677e+01 0.000000000000000000e+00
1.274555600000000055e+01 4.213555499999999654e+01 0.000000000000000000e+00
1.296583399999999919e+01 4.238971999999999696e+01 0.000000000000000000e+00
1.506700000000000017e+01 4.160666700000000162e+01 2.800000400000000056e+00
1.288111100000000064e+01 4.184722000000000008e+01 0.000000000000000000e+00
1.122959999999999958e+01 4.678240000000000265e+01 1.800000100000000103e+00
8.179560000000000386e+00 4.406875000000000142e+01 0.000000000000000000e+00
1.262694499999999920e+01 4.205083499999999930e+01 0.000000000000000000e+00
1.271166700000000027e+01 4.176250000000000284e+01 0.000000000000000000e+00
1.315249999999999986e+01 4.259305599999999714e+01 0.000000000000000000e+00
9.839999999999999858e+00 4.424989999999999668e+01 2.000000000000000111e-01
1.305083400000000005e+01 4.245750000000000313e+01 0.000000000000000000e+00
1.300000000000000000e+01 4.235583499999999901e+01 0.000000000000000000e+00
8.118880000000000763e+00 4.413201999999999714e+01 0.000000000000000000e+00
1.299972250000000074e+01 4.245750000000000313e+01 0.000000000000000000e+00
8.985860000000000625e+00 4.452013999999999783e+01 2.000000000000000111e-01
1.316194400000000009e+01 4.591444400000000314e+01 0.000000000000000000e+00
8.961090000000000444e+00 4.443439000000000050e+01 0.000000000000000000e+00
9.395250000000000767e+00 4.446267999999999887e+01 5.999999999999999778e-01
1.303916599999999981e+01 4.601416799999999796e+01 0.000000000000000000e+00
9.835940000000000794e+00 4.405199999999999960e+01 0.000000000000000000e+00
9.659639999999999560e+00 4.427470000000000283e+01 1.059999799999999937e+01
1.302638900000000000e+01 4.614694599999999980e+01 0.000000000000000000e+00
1.326540400000000020e+01 4.206788300000000191e+01 0.000000000000000000e+00
1.335805500000000023e+01 4.606166999999999945e+01 0.000000000000000000e+00
1.143859999999999921e+01 4.688499999999999801e+01 8.000000000000000444e-01
1.233833300000000044e+01 4.317999999999999972e+01 0.000000000000000000e+00
1.259444399999999931e+01 4.278805499999999995e+01 0.000000000000000000e+00
1.220055600000000062e+01 4.287555700000000058e+01 0.000000000000000000e+00
1.131109999999999971e+01 4.640650000000000119e+01 5.000000000000000000e-01
1.236166700000000063e+01 4.342694500000000346e+01 0.000000000000000000e+00
1.259611100000000050e+01 4.318805700000000058e+01 0.000000000000000000e+00
1.204027750000000019e+01 4.312555700000000058e+01 0.000000000000000000e+00
1.243694400000000044e+01 4.267750000000000199e+01 0.000000000000000000e+00
1.164509999999999934e+01 4.673100000000000165e+01 2.199999800000000061e+00
1.310166599999999981e+01 4.252527599999999808e+01 0.000000000000000000e+00
1.268833350000000060e+01 4.282000000000000028e+01 0.000000000000000000e+00
1.211660000000000004e+01 4.687039999999999651e+01 2.000000000000000000e+00
1.357891200000000076e+01 4.189739000000000146e+01 2.001953099999999874e-01
1.268083299999999980e+01 4.326027700000000209e+01 0.000000000000000000e+00
1.128870000000000040e+01 4.638250000000000028e+01 5.000000000000000000e-01
1.269500000000000028e+01 4.331860999999999962e+01 0.000000000000000000e+00
1.154879999999999995e+01 4.681250000000000000e+01 1.000000000000000000e+00
1.202749999999999986e+01 4.293889000000000067e+01 1.992187500000000000e-01
1.303111099999999922e+01 4.271638999999999697e+01 0.000000000000000000e+00
1.152909999999999968e+01 4.659510000000000218e+01 1.300000100000000103e+00
1.209909999999999997e+01 4.703659999999999997e+01 3.600000099999999925e+00
1.205916700000000041e+01 4.304889000000000010e+01 0.000000000000000000e+00
1.194740000000000002e+01 4.690030000000000143e+01 3.700000000000000178e+00
1.556194400000000044e+01 4.014388999999999896e+01 0.000000000000000000e+00
1.543111099999999958e+01 4.017527799999999871e+01 0.000000000000000000e+00
1.135510000000000019e+01 4.664059999999999917e+01 1.199999999999999956e+00
1.402138899999999921e+01 4.094111300000000142e+01 2.000122000000000011e-01
1.402138899999999921e+01 4.094111300000000142e+01 2.000122000000000011e-01
1.162720000000000020e+01 4.684830000000000183e+01 1.199999999999999956e+00
1.143833350000000060e+01 4.688389000000000095e+01 8.000000000000000444e-01
1.072690000000000055e+01 4.651689999999999969e+01 5.000000000000000000e-01
1.193111099999999958e+01 4.680333300000000207e+01 4.200000000000000178e+00
1.224608300000000050e+01 4.598658400000000057e+01 8.000488000000000044e-01
1.547194499999999984e+01 3.808500000000000085e+01 0.000000000000000000e+00
1.548694399999999938e+01 3.807916600000000074e+01 0.000000000000000000e+00
1.001077000000000083e+01 4.410752000000000095e+01 0.000000000000000000e+00
1.544638899999999992e+01 3.807333400000000267e+01 0.000000000000000000e+00
1.547472199999999987e+01 3.807083500000000242e+01 0.000000000000000000e+00
9.828889999999999461e+00 4.410672999999999888e+01 0.000000000000000000e+00
1.546250000000000036e+01 3.804916800000000165e+01 0.000000000000000000e+00
9.904339999999999478e+00 4.414515999999999707e+01 4.000000000000000222e-01
1.543722250000000074e+01 3.804972000000000065e+01 0.000000000000000000e+00
1.131083300000000058e+01 4.640555599999999714e+01 5.000000000000000000e-01
1.370688999999999957e+01 3.776261999999999830e+01 0.000000000000000000e+00
1.236999999999999922e+01 4.666250000000000142e+01 1.800000100000000103e+00
8.460834000000000188e+00 4.570499999999999829e+01 0.000000000000000000e+00
1.351292199999999966e+01 4.215508299999999764e+01 0.000000000000000000e+00
6.854166499999999829e+00 4.504639000000000237e+01 0.000000000000000000e+00
1.313133099999999942e+01 4.213363600000000275e+01 0.000000000000000000e+00
8.849444000000000088e+00 4.502221999999999724e+01 0.000000000000000000e+00
1.310855500000000085e+01 4.205883000000000038e+01 0.000000000000000000e+00
1.325918599999999969e+01 3.769968999999999681e+01 0.000000000000000000e+00
1.345437699999999914e+01 4.199354000000000298e+01 0.000000000000000000e+00
1.353119500000000031e+01 4.181927999999999912e+01 0.000000000000000000e+00
1.346629899999999935e+01 3.794625500000000073e+01 0.000000000000000000e+00
7.688888999999999641e+00 4.488722200000000129e+01 0.000000000000000000e+00
1.272277700000000067e+01 4.648389000000000237e+01 6.000060999999999867e-01
1.355780500000000011e+01 4.244383200000000045e+01 0.000000000000000000e+00
6.727777999999999814e+00 4.507610999999999990e+01 0.000000000000000000e+00
1.363013399999999997e+01 3.767029000000000138e+01 0.000000000000000000e+00
8.422976000000000241e+00 4.597305000000000064e+01 8.007812500000000000e-01
1.366194400000000009e+01 4.646638999999999697e+01 2.000000000000000000e+00
7.243055299999999974e+00 4.503472000000000008e+01 0.000000000000000000e+00
1.464694800000000008e+01 3.750333799999999940e+01 0.000000000000000000e+00
1.335083299999999973e+01 4.628999999999999915e+01 0.000000000000000000e+00
1.288694500000000076e+01 3.801805499999999682e+01 0.000000000000000000e+00
8.011665999999999954e+00 4.518555500000000080e+01 0.000000000000000000e+00
1.080527799999999949e+01 4.463638999999999868e+01 0.000000000000000000e+00
1.329611099999999979e+01 4.599194299999999913e+01 0.000000000000000000e+00
1.262666699999999942e+01 4.645194599999999951e+01 8.000488000000000044e-01
8.768888000000000460e+00 4.478111299999999773e+01 0.000000000000000000e+00
1.355625099999999961e+01 3.789453499999999764e+01 0.000000000000000000e+00
1.265416600000000003e+01 4.267027699999999868e+01 0.000000000000000000e+00
1.234777700000000067e+01 4.268139000000000038e+01 1.600585900000000006e+00
1.384266200000000069e+01 3.719846299999999673e+01 0.000000000000000000e+00
8.212182000000000315e+00 4.488492000000000104e+01 0.000000000000000000e+00
1.265694399999999931e+01 4.617166499999999729e+01 2.001953099999999874e-01
1.626483199999999840e+01 3.928730999999999796e+01 0.000000000000000000e+00
1.675194400000000172e+01 4.031000000000000227e+01 0.000000000000000000e+00
1.316861199999999954e+01 4.656777999999999906e+01 0.000000000000000000e+00
1.457606600000000086e+01 3.744524400000000242e+01 4.000000000000000222e-01
1.302944500000000083e+01 4.658722300000000160e+01 1.800003000000000020e+00
1.640166699999999977e+01 3.867222199999999788e+01 0.000000000000000000e+00
1.649149999999999849e+01 4.123682999999999765e+01 0.000000000000000000e+00
1.826866700000000066e+01 3.997616599999999920e+01 0.000000000000000000e+00
1.398225000000000051e+01 3.745765699999999754e+01 0.000000000000000000e+00
1.519100000000000072e+01 4.130983400000000216e+01 5.399999000000000215e+00
1.559433399999999992e+01 4.183833299999999866e+01 4.000000000000000222e-01
1.792666600000000088e+01 4.062866600000000261e+01 0.000000000000000000e+00
1.514527799999999935e+01 3.790805399999999992e+01 0.000000000000000000e+00
1.678222299999999834e+01 3.931472399999999823e+01 0.000000000000000000e+00
1.535916699999999935e+01 4.182099999999999795e+01 1.400000099999999970e+00
1.624416700000000091e+01 3.886527600000000149e+01 0.000000000000000000e+00
1.828900000000000148e+01 4.011099999999999710e+01 0.000000000000000000e+00
1.847616599999999920e+01 4.011983500000000191e+01 0.000000000000000000e+00
1.559916699999999956e+01 3.826083400000000267e+01 0.000000000000000000e+00
1.420362399999999958e+01 3.779760699999999929e+01 0.000000000000000000e+00
1.648866699999999952e+01 4.109300000000000352e+01 0.000000000000000000e+00
1.610583300000000051e+01 4.122117000000000075e+01 0.000000000000000000e+00
1.673116699999999923e+01 4.099799999999999756e+01 0.000000000000000000e+00
1.555049999999999955e+01 4.093599999999999994e+01 3.000000000000000000e+00
1.425037000000000020e+01 3.746871999999999758e+01 0.000000000000000000e+00
7.146944500000000033e+00 4.420777999999999963e+01 0.000000000000000000e+00
1.546516699999999922e+01 4.179249999999999687e+01 8.000000000000000444e-01
1.640683399999999992e+01 4.114616800000000296e+01 0.000000000000000000e+00
1.799350000000000094e+01 4.048682999999999765e+01 0.000000000000000000e+00
1.802299999999999969e+01 4.018183499999999952e+01 0.000000000000000000e+00
1.296252100000000063e+01 3.778779600000000016e+01 0.000000000000000000e+00
1.590416600000000003e+01 4.123682999999999765e+01 5.199999299999999991e+00
1.514133400000000051e+01 4.153983300000000156e+01 1.199999999999999956e+00
1.758466699999999960e+01 4.071483200000000124e+01 0.000000000000000000e+00
1.408666700000000027e+01 3.743444399999999916e+01 4.000000000000000222e-01
1.736550000000000082e+01 4.082549999999999812e+01 0.000000000000000000e+00
1.733616599999999863e+01 4.075466500000000281e+01 0.000000000000000000e+00
1.556499999999999950e+01 4.143583300000000236e+01 1.600000099999999925e+00
1.691833300000000051e+01 4.079666499999999729e+01 0.000000000000000000e+00
1.617583300000000079e+01 4.188049999999999784e+01 0.000000000000000000e+00
1.620799999999999841e+01 4.133416700000000077e+01 0.000000000000000000e+00
1.527566599999999930e+01 4.115716599999999659e+01 1.179999600000000015e+01
8.335276999999999603e+00 4.456872599999999807e+01 0.000000000000000000e+00
1.608416700000000077e+01 4.107233399999999790e+01 0.000000000000000000e+00
1.619350000000000023e+01 4.123233400000000159e+01 0.000000000000000000e+00
1.722516600000000153e+01 4.098250000000000171e+01 0.000000000000000000e+00
8.384166999999999703e+00 4.543750000000000000e+01 0.000000000000000000e+00
1.771033299999999855e+01 4.052900000000000347e+01 0.000000000000000000e+00
9.842064999999999841e+00 4.451397000000000048e+01 1.798828099999999930e+00
1.341333299999999973e+01 3.796000000000000085e+01 0.000000000000000000e+00
1.530499999999999972e+01 4.134966699999999662e+01 2.800000400000000056e+00
1.705266800000000060e+01 4.090066499999999650e+01 0.000000000000000000e+00
6.916944499999999607e+00 4.505389000000000266e+01 0.000000000000000000e+00
1.569950000000000045e+01 4.130983400000000216e+01 1.000000000000000000e+00
1.296805600000000069e+01 3.759444400000000286e+01 0.000000000000000000e+00
1.710833399999999926e+01 4.057549999999999812e+01 0.000000000000000000e+00
1.691750000000000043e+01 4.095349999999999824e+01 0.000000000000000000e+00
1.531949999999999967e+01 4.092933299999999974e+01 4.599999999999999645e+00
1.595383400000000051e+01 4.171016699999999844e+01 0.000000000000000000e+00
1.345444499999999977e+01 3.803111299999999773e+01 0.000000000000000000e+00
1.357389099999999971e+01 4.232368999999999915e+01 0.000000000000000000e+00
1.533116599999999963e+01 4.150216700000000003e+01 2.200000300000000131e+00
1.671366700000000094e+01 4.066617000000000104e+01 0.000000000000000000e+00
1.743566699999999869e+01 4.037650000000000006e+01 0.000000000000000000e+00
1.679266700000000156e+01 4.088066500000000048e+01 0.000000000000000000e+00
1.686566699999999841e+01 4.043833000000000055e+01 0.000000000000000000e+00
1.552416700000000027e+01 4.121033500000000060e+01 4.200000300000000131e+00
1.439638899999999921e+01 3.714555699999999661e+01 0.000000000000000000e+00
1.772200000000000131e+01 4.032116700000000264e+01 0.000000000000000000e+00
1.726316599999999823e+01 4.044283300000000025e+01 0.000000000000000000e+00
1.445137899999999931e+01 3.765111000000000274e+01 0.000000000000000000e+00
1.579883300000000013e+01 4.095600000000000307e+01 2.000000000000000111e-01
1.784183300000000116e+01 4.040516699999999872e+01 0.000000000000000000e+00
1.294888899999999943e+01 4.223722000000000065e+01 0.000000000000000000e+00
1.781550000000000011e+01 4.053783399999999659e+01 0.000000000000000000e+00
1.011444499999999991e+01 4.459388700000000227e+01 0.000000000000000000e+00
1.661716699999999847e+01 4.109749999999999659e+01 0.000000000000000000e+00
1.595383400000000051e+01 4.112850000000000250e+01 0.000000000000000000e+00
1.552116700000000016e+01 4.114833500000000299e+01 5.599999399999999738e+00
1.333305550000000039e+01 4.591138999999999726e+01 0.000000000000000000e+00
1.517050000000000054e+01 4.135849999999999937e+01 9.799994999999999123e+00
1.311305499999999924e+01 3.806777999999999906e+01 0.000000000000000000e+00
1.520400000000000063e+01 4.143350000000000222e+01 3.400000299999999864e+00
1.492444399999999938e+01 3.759555399999999992e+01 0.000000000000000000e+00
1.805133199999999860e+01 4.026833299999999838e+01 0.000000000000000000e+00
1.659966700000000017e+01 4.076350000000000051e+01 0.000000000000000000e+00
1.046694500000000083e+01 4.456694399999999945e+01 0.000000000000000000e+00
1.683350000000000080e+01 4.114399999999999835e+01 0.000000000000000000e+00
1.068166599999999988e+01 4.419138699999999886e+01 2.001953099999999874e-01
1.519050000000000011e+01 4.140599999999999881e+01 5.599999000000000393e+00
9.482499999999999929e+00 4.458694500000000005e+01 0.000000000000000000e+00
1.575799999999999912e+01 4.118650000000000233e+01 4.399999600000000122e+00
7.339444600000000207e+00 4.416722000000000037e+01 0.000000000000000000e+00
1.603966700000000145e+01 4.181666599999999789e+01 0.000000000000000000e+00
1.533116599999999963e+01 4.111066999999999894e+01 4.000000000000000222e-01
1.580466649999999973e+01 4.183833299999999866e+01 0.000000000000000000e+00
1.541966599999999943e+01 4.089283400000000057e+01 1.600000099999999925e+00
1.631950000000000145e+01 4.107333400000000267e+01 0.000000000000000000e+00
1.720799999999999841e+01 4.087583000000000055e+01 0.000000000000000000e+00
1.551833300000000015e+01 4.130400000000000205e+01 1.600000099999999925e+00
1.255250000000000021e+01 4.618361300000000114e+01 2.600036600000000142e+00
1.830366700000000080e+01 4.015749999999999886e+01 0.000000000000000000e+00
1.543650000000000055e+01 4.140933199999999914e+01 1.600000099999999925e+00
1.537500000000000000e+01 4.105766700000000213e+01 4.000000499999999626e+00
1.272916700000000034e+01 4.337500000000000000e+01 0.000000000000000000e+00
1.614083300000000065e+01 4.110633500000000140e+01 0.000000000000000000e+00
1.247444400000000009e+01 4.191499999999999915e+01 0.000000000000000000e+00
1.548316699999999990e+01 4.146900000000000119e+01 2.000000200000000117e+00
1.585433300000000045e+01 4.084983400000000131e+01 0.000000000000000000e+00
1.797633400000000137e+01 4.006900000000000261e+01 0.000000000000000000e+00
1.373361099999999979e+01 3.740694400000000286e+01 0.000000000000000000e+00
1.686266699999999830e+01 4.054449999999999932e+01 0.000000000000000000e+00
1.564366599999999963e+01 4.083917000000000286e+01 0.000000000000000000e+00
1.307042299999999990e+01 3.791411200000000292e+01 0.000000000000000000e+00
1.817800000000000082e+01 4.035433199999999943e+01 0.000000000000000000e+00
1.061891600000000047e+01 4.590962600000000293e+01 0.000000000000000000e+00
1.532833300000000065e+01 4.187149999999999750e+01 1.100000000000000089e+00
1.587283299999999997e+01 4.157516499999999837e+01 0.000000000000000000e+00
1.738883399999999924e+01 4.069216500000000281e+01 0.000000000000000000e+00
1.788633300000000048e+01 4.035166499999999701e+01 0.000000000000000000e+00
1.606200000000000117e+01 4.135616699999999923e+01 0.000000000000000000e+00
1.562066650000000045e+01 4.099083300000000207e+01 1.400000099999999970e+00
1.663483199999999940e+01 4.086083200000000204e+01 0.000000000000000000e+00
1.561466700000000074e+01 4.094400000000000261e+01 1.600000000000000089e+00
1.600783300000000153e+01 4.102199999999999847e+01 2.000000000000000111e-01
1.548083300000000051e+01 3.809916700000000134e+01 0.000000000000000000e+00
1.690366699999999867e+01 4.072583399999999898e+01 0.000000000000000000e+00
1.831533200000000150e+01 3.988983000000000345e+01 0.000000000000000000e+00
1.571383400000000030e+01 4.091316599999999681e+01 0.000000000000000000e+00
1.742299999999999827e+01 4.045383499999999799e+01 0.000000000000000000e+00
1.565566600000000008e+01 4.179866799999999927e+01 5.999999999999999778e-01
1.539266699999999943e+01 4.168583300000000236e+01 0.000000000000000000e+00
1.775183300000000131e+01 4.065382999999999925e+01 0.000000000000000000e+00
1.286695399999999978e+01 4.601426299999999969e+01 0.000000000000000000e+00
1.834750000000000014e+01 3.980799999999999983e+01 0.000000000000000000e+00
1.263867100000000043e+01 4.294402999999999793e+01 0.000000000000000000e+00
1.517500000000000071e+01 4.091766700000000156e+01 3.600000599999999995e+00
1.522550000000000026e+01 4.122117000000000075e+01 3.000000500000000070e+00
1.240600899999999918e+01 4.292985000000000184e+01 0.000000000000000000e+00
1.614049999999999940e+01 4.095700000000000074e+01 0.000000000000000000e+00
1.731916599999999917e+01 4.040650000000000119e+01 0.000000000000000000e+00
1.524333299999999980e+01 4.084700000000000131e+01 2.600000399999999878e+00
1.561066600000000015e+01 4.086533399999999716e+01 0.000000000000000000e+00
1.243469200000000008e+01 4.312695300000000032e+01 0.000000000000000000e+00
1.536183399999999999e+01 4.100883499999999771e+01 6.199998400000000132e+00
1.686716699999999847e+01 4.100083000000000055e+01 0.000000000000000000e+00
1.529194449999999961e+01 3.706277999999999651e+01 0.000000000000000000e+00
1.687150000000000105e+01 4.109533299999999656e+01 0.000000000000000000e+00
1.687733300000000014e+01 4.111516600000000210e+01 0.000000000000000000e+00
1.275892200000000010e+01 4.282670000000000243e+01 0.000000000000000000e+00
1.670499999999999829e+01 4.109300000000000352e+01 1.000000000000000000e+00
1.712583400000000111e+01 4.092049999999999699e+01 0.000000000000000000e+00
1.711766599999999983e+01 4.079117000000000104e+01 0.000000000000000000e+00
1.675700000000000145e+01 4.078916499999999701e+01 0.000000000000000000e+00
1.279840100000000014e+01 4.368251999999999668e+01 0.000000000000000000e+00
1.752033399999999830e+01 4.061533399999999716e+01 0.000000000000000000e+00
1.305261600000000044e+01 4.382703999999999667e+01 0.000000000000000000e+00
1.512116600000000055e+01 4.142583499999999930e+01 4.200000300000000131e+00
1.386875200000000063e+01 4.297551700000000352e+01 0.000000000000000000e+00
1.577833399999999919e+01 4.142266999999999655e+01 2.000000000000000111e-01
1.529916700000000063e+01 4.126333199999999835e+01 3.200000499999999803e+00
1.425583300000000087e+01 4.177858700000000169e+01 0.000000000000000000e+00
1.575500000000000078e+01 4.171233399999999847e+01 0.000000000000000000e+00
1.372883400000000087e+01 4.329719999999999658e+01 0.000000000000000000e+00
1.539266699999999943e+01 4.114399999999999835e+01 3.200000499999999803e+00
1.213591199999999937e+01 4.272508200000000045e+01 0.000000000000000000e+00
1.528899999999999970e+01 4.168750000000000000e+01 1.800000199999999939e+00
1.592450000000000010e+01 4.182733000000000345e+01 0.000000000000000000e+00
1.265037200000000084e+01 4.255966999999999700e+01 0.000000000000000000e+00
1.547111100000000050e+01 3.817722299999999791e+01 0.000000000000000000e+00
1.510616699999999923e+01 4.145349999999999824e+01 2.200000300000000131e+00
1.080916700000000041e+01 4.411944600000000349e+01 1.402343799999999918e+00
1.243560000000000088e+01 4.310719999999999885e+01 0.000000000000000000e+00
1.817800000000000082e+01 4.006900000000000261e+01 0.000000000000000000e+00
1.202092200000000055e+01 4.289594699999999960e+01 0.000000000000000000e+00
1.817800000000000082e+01 4.014200000000000301e+01 0.000000000000000000e+00
1.841883299999999934e+01 4.008866499999999888e+01 0.000000000000000000e+00
1.805816700000000097e+01 4.037199999999999989e+01 0.000000000000000000e+00
1.208194400000000002e+01 4.694277999999999906e+01 3.000000000000000000e+00
1.840016699999999972e+01 4.000716800000000006e+01 0.000000000000000000e+00
1.196868899999999947e+01 4.292996200000000329e+01 4.000244000000000022e-01
1.538066700000000075e+01 4.082966600000000312e+01 2.399999999999999911e+00
1.552699999999999925e+01 4.080550000000000210e+01 1.600000099999999925e+00
1.724849999999999994e+01 4.059533299999999656e+01 0.000000000000000000e+00
1.242546500000000087e+01 4.300889600000000002e+01 0.000000000000000000e+00
1.764600000000000080e+01 4.038316700000000026e+01 0.000000000000000000e+00
1.704100000000000037e+01 4.063083300000000264e+01 0.000000000000000000e+00
1.241916699999999985e+01 4.330499999999999972e+01 2.000000000000000000e+00
1.527500000000000036e+01 4.120949999999999847e+01 3.000000500000000070e+00
1.223833400000000005e+01 4.345666500000000099e+01 0.000000000000000000e+00
1.527533299999999983e+01 4.112083400000000211e+01 8.299996999999999403e+00
1.118527800000000028e+01 4.623639000000000010e+01 0.000000000000000000e+00
1.215916600000000081e+01 4.334749999999999659e+01 0.000000000000000000e+00
1.538683299999999932e+01 4.121966599999999659e+01 5.399998700000000262e+00
1.657216599999999929e+01 4.095900000000000318e+01 0.000000000000000000e+00
1.052861099999999972e+01 4.677583299999999866e+01 0.000000000000000000e+00
1.256583299999999959e+01 4.334667000000000314e+01 0.000000000000000000e+00
1.072666599999999981e+01 4.650860999999999734e+01 5.000000000000000000e-01
1.278500000000000014e+01 4.311333499999999930e+01 0.000000000000000000e+00
1.240499999999999936e+01 4.277694300000000283e+01 0.000000000000000000e+00
1.228805499999999995e+01 4.294194399999999945e+01 0.000000000000000000e+00
1.130472199999999994e+01 4.634694300000000311e+01 0.000000000000000000e+00
1.254195400000000049e+01 4.306101999999999919e+01 0.000000000000000000e+00
1.246111100000000071e+01 4.343194600000000349e+01 0.000000000000000000e+00
1.064944500000000005e+01 4.662500000000000000e+01 2.999999999999999889e-01
1.265972200000000036e+01 4.317722299999999791e+01 0.000000000000000000e+00
1.223166699999999985e+01 4.350805700000000087e+01 0.000000000000000000e+00
1.288250000000000028e+01 4.610833399999999926e+01 0.000000000000000000e+00
1.270027699999999982e+01 4.600916699999999793e+01 0.000000000000000000e+00
1.227305600000000041e+01 4.301389000000000351e+01 0.000000000000000000e+00
1.230000000000000071e+01 4.283805499999999711e+01 0.000000000000000000e+00
1.255833299999999930e+01 4.286749999999999972e+01 0.000000000000000000e+00
1.301472200000000079e+01 4.280277600000000149e+01 0.000000000000000000e+00
1.250527800000000056e+01 4.270694400000000002e+01 0.000000000000000000e+00
1.099083300000000030e+01 4.664777800000000241e+01 1.000000100000000058e+00
1.237055600000000055e+01 4.627777999999999992e+01 1.000000000000000000e+00
1.267111099999999979e+01 4.275000000000000000e+01 0.000000000000000000e+00
1.254277800000000020e+01 4.255111000000000132e+01 0.000000000000000000e+00
1.279055600000000048e+01 4.608805499999999711e+01 0.000000000000000000e+00
1.052111149999999995e+01 4.670583299999999838e+01 0.000000000000000000e+00
1.269861099999999965e+01 4.306805399999999651e+01 0.000000000000000000e+00
1.227596950000000042e+01 4.514632399999999990e+01 0.000000000000000000e+00
1.166198499999999960e+01 4.544957699999999789e+01 0.000000000000000000e+00
1.184066400000000030e+01 4.584170000000000300e+01 0.000000000000000000e+00
1.298029499999999992e+01 4.340634500000000173e+01 0.000000000000000000e+00
1.249348700000000001e+01 4.589217399999999714e+01 0.000000000000000000e+00
1.338843800000000073e+01 4.347560000000000002e+01 0.000000000000000000e+00
1.191336300000000037e+01 4.549551400000000001e+01 0.000000000000000000e+00
1.318844600000000078e+01 4.322953799999999802e+01 0.000000000000000000e+00
1.387183899999999959e+01 4.191761999999999944e+01 0.000000000000000000e+00
1.337110000000000021e+01 4.323250000000000171e+01 0.000000000000000000e+00
1.270706200000000052e+01 4.560316499999999706e+01 0.000000000000000000e+00
1.421122100000000010e+01 4.185432399999999831e+01 0.000000000000000000e+00
1.358999999999999986e+01 4.326080000000000325e+01 0.000000000000000000e+00
1.092332599999999942e+01 4.554789000000000243e+01 0.000000000000000000e+00
1.099027799999999999e+01 4.654166800000000137e+01 4.000000000000000222e-01
1.289470000000000027e+01 4.384000000000000341e+01 0.000000000000000000e+00
1.212185400000000080e+01 4.596032699999999949e+01 0.000000000000000000e+00
1.261880099999999949e+01 4.379423500000000047e+01 0.000000000000000000e+00
1.177625699999999931e+01 4.571658299999999997e+01 0.000000000000000000e+00
1.278680400000000006e+01 4.385178400000000210e+01 0.000000000000000000e+00
1.296747500000000031e+01 4.376256599999999963e+01 0.000000000000000000e+00
1.307746799999999965e+01 4.564137300000000153e+01 0.000000000000000000e+00
1.301444150000000022e+01 4.366489800000000088e+01 0.000000000000000000e+00
9.865589999999999193e+00 4.581136000000000053e+01 0.000000000000000000e+00
1.211304799999999915e+01 4.578502300000000247e+01 0.000000000000000000e+00
1.088712899999999983e+01 4.518849000000000160e+01 0.000000000000000000e+00
1.313944399999999924e+01 4.605694600000000349e+01 0.000000000000000000e+00
1.076752300000000062e+01 4.496446999999999861e+01 0.000000000000000000e+00
1.330888799999999961e+01 4.612277600000000177e+01 0.000000000000000000e+00
1.365146099999999940e+01 4.285222999999999871e+01 0.000000000000000000e+00
1.351138899999999943e+01 4.579639000000000237e+01 0.000000000000000000e+00
9.379659999999999442e+00 4.526066600000000051e+01 0.000000000000000000e+00
1.340388899999999950e+01 4.583194400000000002e+01 0.000000000000000000e+00
1.316497000000000028e+01 4.366253700000000038e+01 0.000000000000000000e+00
1.129861099999999929e+01 4.447888999999999982e+01 0.000000000000000000e+00
1.327527800000000013e+01 4.655972299999999819e+01 2.000122000000000011e-01
9.562659999999999272e+00 4.526927599999999785e+01 0.000000000000000000e+00
1.289751099999999973e+01 4.390758000000000294e+01 0.000000000000000000e+00
1.249559999999999960e+01 4.387109999999999843e+01 0.000000000000000000e+00
1.252890000000000015e+01 4.388389999999999702e+01 0.000000000000000000e+00
1.003902700000000081e+01 4.543372699999999753e+01 0.000000000000000000e+00
1.241019900000000042e+01 4.366678199999999777e+01 8.000000000000000444e-01
1.251255399999999973e+01 4.380855600000000294e+01 0.000000000000000000e+00
1.005881600000000020e+01 4.516362800000000277e+01 0.000000000000000000e+00
1.263690000000000069e+01 4.372330000000000183e+01 0.000000000000000000e+00
1.329545000000000066e+01 4.277781699999999887e+01 0.000000000000000000e+00
1.340683399999999992e+01 4.290521600000000291e+01 0.000000000000000000e+00
1.298333399999999926e+01 4.655749999999999744e+01 1.800000199999999939e+00
1.268447899999999962e+01 4.362819300000000311e+01 0.000000000000000000e+00
1.335133399999999959e+01 4.297638299999999845e+01 0.000000000000000000e+00
1.235699999999999932e+01 4.375863300000000322e+01 0.000000000000000000e+00
1.243040099999999981e+01 4.356204000000000320e+01 0.000000000000000000e+00
1.284411049999999932e+01 4.356862999999999886e+01 0.000000000000000000e+00
1.251520000000000010e+01 4.358673499999999734e+01 0.000000000000000000e+00
1.272639999999999993e+01 4.347109999999999985e+01 0.000000000000000000e+00
9.318132000000000303e+00 4.584813700000000125e+01 0.000000000000000000e+00
1.323000000000000043e+01 4.353190000000000026e+01 0.000000000000000000e+00
1.274638799999999961e+01 4.657027999999999679e+01 1.400024399999999947e+00
1.286940000000000062e+01 4.389059999999999917e+01 0.000000000000000000e+00
1.344920399999999994e+01 4.344727699999999970e+01 0.000000000000000000e+00
1.255944399999999916e+01 4.645444499999999977e+01 1.399993899999999902e+00
9.426653999999999201e+00 4.623610299999999995e+01 0.000000000000000000e+00
1.305640000000000001e+01 4.353470000000000084e+01 0.000000000000000000e+00
1.256388899999999964e+01 4.625610999999999962e+01 1.200012199999999973e+00
9.569335000000000591e+00 4.610551999999999850e+01 0.000000000000000000e+00
1.293670000000000009e+01 4.349750000000000227e+01 0.000000000000000000e+00
1.220626099999999958e+01 4.644327499999999986e+01 8.000000000000000444e-01
1.340360000000000085e+01 4.315999999999999659e+01 0.000000000000000000e+00
8.700571999999999306e+00 4.524680000000000035e+01 0.000000000000000000e+00
1.224264299999999928e+01 4.643717600000000090e+01 1.000000000000000000e+00
1.306610000000000049e+01 4.314609999999999701e+01 0.000000000000000000e+00
1.358500000000000085e+01 4.611916699999999736e+01 0.000000000000000000e+00
9.488996500000000722e+00 4.517192000000000007e+01 0.000000000000000000e+00
9.488996500000000722e+00 4.517192000000000007e+01 0.000000000000000000e+00
1.250583400000000012e+01 4.611805700000000030e+01 4.000000000000000000e+00
9.658768999999999494e+00 4.566051999999999822e+01 0.000000000000000000e+00
1.249166699999999963e+01 4.611527600000000149e+01 7.000000000000000000e+00
1.377546899999999930e+01 4.285936699999999888e+01 0.000000000000000000e+00
9.309144999999999115e+00 4.570194599999999951e+01 2.000000000000000111e-01
1.283111099999999993e+01 4.625916699999999793e+01 0.000000000000000000e+00
1.356859999999999999e+01 4.295420000000000016e+01 0.000000000000000000e+00
1.388920000000000066e+01 4.293330000000000268e+01 0.000000000000000000e+00
9.497502000000000777e+00 4.591309400000000096e+01 5.999999999999999778e-01
1.257277799999999957e+01 4.624249999999999972e+01 2.200195299999999854e+00
1.332530000000000037e+01 4.289970000000000283e+01 0.000000000000000000e+00
9.179491999999999763e+00 4.480740000000000123e+01 0.000000000000000000e+00
9.179491999999999763e+00 4.480740000000000123e+01 0.000000000000000000e+00
1.348969999999999914e+01 4.296280000000000143e+01 0.000000000000000000e+00
1.684246600000000171e+01 4.089705000000000013e+01 0.000000000000000000e+00
1.601681699999999964e+01 4.194500000000000028e+01 0.000000000000000000e+00
1.034250300000000067e+01 4.602656000000000347e+01 7.000000000000000000e+00
1.377223399999999920e+01 4.323261000000000109e+01 0.000000000000000000e+00
1.034250300000000067e+01 4.602656000000000347e+01 6.799999999999999822e+00
1.588111699999999971e+01 4.192804999999999893e+01 0.000000000000000000e+00
1.585528300000000002e+01 4.184471500000000077e+01 0.000000000000000000e+00
1.260166599999999981e+01 4.629722199999999788e+01 1.000000000000000000e+00
1.030879900000000049e+01 4.625030499999999734e+01 1.000000000000000000e+00
9.850939999999999586e+00 4.616755299999999806e+01 2.000000000000000111e-01
1.239361099999999993e+01 4.632055700000000087e+01 8.000182999999999600e-01
9.790300000000000225e+00 4.413253999999999877e+01 5.999999999999999778e-01
8.847321499999999617e+00 4.554852000000000345e+01 0.000000000000000000e+00
9.085487999999999786e+00 4.571900999999999726e+01 8.000000000000000444e-01
1.279833299999999952e+01 4.634805699999999717e+01 1.999816899999999897e-01
1.020748900000000070e+01 4.649442299999999761e+01 0.000000000000000000e+00
1.267583400000000005e+01 4.623583200000000204e+01 1.999511700000000114e-01
9.267153000000000418e+00 4.532059499999999730e+01 0.000000000000000000e+00
9.348122999999999294e+00 4.647165700000000044e+01 2.000000000000000111e-01
1.248583299999999952e+01 4.634916700000000134e+01 5.998535000000000394e-01
1.111530999999999914e+01 4.607005000000000194e+01 1.999969500000000067e-01
9.639112000000000791e+00 4.586968999999999852e+01 1.800000199999999939e+00
9.639112000000000791e+00 4.586968999999999852e+01 1.600000000000000089e+00
1.248916600000000088e+01 4.637888699999999886e+01 1.000000000000000000e+00
9.628647000000000844e+00 4.603825400000000201e+01 2.000000000000000111e-01
1.237666699999999942e+01 4.311361000000000132e+01 0.000000000000000000e+00
1.332944499999999977e+01 4.626694499999999977e+01 0.000000000000000000e+00
1.495716700000000010e+01 4.158400000000000318e+01 0.000000000000000000e+00
1.497933300000000045e+01 4.155216599999999971e+01 3.000000500000000070e+00
9.792519000000000418e+00 4.615492199999999912e+01 0.000000000000000000e+00
1.702049999999999841e+01 4.055783499999999719e+01 0.000000000000000000e+00
1.033339299999999916e+01 4.617572400000000243e+01 8.000000000000000444e-01
1.505649999999999977e+01 4.148666800000000165e+01 2.200000300000000131e+00
9.257514999999999716e+00 4.549678000000000111e+01 0.000000000000000000e+00
1.512049999999999983e+01 4.185583499999999901e+01 1.199999999999999956e+00
9.257514999999999716e+00 4.549678000000000111e+01 0.000000000000000000e+00
9.205603999999999232e+00 4.554266400000000203e+01 0.000000000000000000e+00
1.454027750000000019e+01 4.147472400000000192e+01 4.003906199999999749e-01
1.354722199999999965e+01 4.584305599999999714e+01 0.000000000000000000e+00
9.788938999999999169e+00 4.589119300000000123e+01 0.000000000000000000e+00
1.298166699999999985e+01 4.604749999999999943e+01 0.000000000000000000e+00
1.250055599999999956e+01 4.626360999999999990e+01 2.200073199999999840e+00
1.019526100000000035e+01 4.512183000000000277e+01 0.000000000000000000e+00
1.261388900000000035e+01 4.592222199999999788e+01 0.000000000000000000e+00
1.221138900000000049e+01 4.468805700000000058e+01 0.000000000000000000e+00
1.259055500000000016e+01 4.634527599999999836e+01 5.999756000000000533e-01
1.299302800000000069e+01 4.624136000000000024e+01 0.000000000000000000e+00
1.324861100000000036e+01 4.645611199999999741e+01 0.000000000000000000e+00
7.996529999999999916e+00 4.412275000000000347e+01 0.000000000000000000e+00
1.028067000000000064e+01 4.368066999999999922e+01 0.000000000000000000e+00
1.036985999999999919e+01 4.391996999999999929e+01 5.999999599999999988e-01
1.051083000000000034e+01 4.384185999999999694e+01 0.000000000000000000e+00
1.048443999999999932e+01 4.388163999999999731e+01 0.000000000000000000e+00
1.024630999999999936e+01 4.403911000000000087e+01 1.999999899999999886e-01
1.046981000000000073e+01 4.382968999999999937e+01 0.000000000000000000e+00
1.041427999999999976e+01 4.381877999999999673e+01 0.000000000000000000e+00
1.270055600000000062e+01 4.625833500000000242e+01 0.000000000000000000e+00
1.039899999999999913e+01 4.378041999999999945e+01 0.000000000000000000e+00
1.043317000000000050e+01 4.386496999999999957e+01 3.999999799999999772e-01
1.271611099999999972e+01 4.629194300000000339e+01 2.001953099999999874e-01
1.275027749999999926e+01 4.624055500000000052e+01 0.000000000000000000e+00
1.025942000000000043e+01 4.386769000000000318e+01 0.000000000000000000e+00
1.244305499999999931e+01 4.606389000000000067e+01 1.799926799999999938e+00
1.030710999999999977e+01 4.383225000000000193e+01 0.000000000000000000e+00
1.018474999999999930e+01 4.397243999999999886e+01 1.399999999999999911e+00
1.027003000000000021e+01 4.378125000000000000e+01 0.000000000000000000e+00
8.791388500000000050e+00 4.464472200000000157e+01 0.000000000000000000e+00
1.044719000000000086e+01 4.421041999999999916e+01 9.999999400000000316e-01
1.052060999999999957e+01 4.416389000000000209e+01 0.000000000000000000e+00
1.265916600000000081e+01 4.619610999999999734e+01 1.599975600000000053e+00
1.036053000000000068e+01 4.402891999999999939e+01 0.000000000000000000e+00
1.051542000000000066e+01 4.392907999999999902e+01 0.000000000000000000e+00
1.056783000000000072e+01 4.405986000000000047e+01 1.999999899999999886e-01
1.080405999999999977e+01 4.400847000000000264e+01 0.000000000000000000e+00
1.006006000000000000e+01 4.404518999999999807e+01 7.200000000000000178e+00
1.619194399999999945e+01 3.870833199999999863e+01 0.000000000000000000e+00
1.654027699999999967e+01 3.897444500000000289e+01 0.000000000000000000e+00
1.658277700000000010e+01 3.895221999999999696e+01 0.000000000000000000e+00
1.162694499999999920e+01 4.240666600000000130e+01 0.000000000000000000e+00
1.220333300000000065e+01 4.228805499999999995e+01 0.000000000000000000e+00
1.017066999999999943e+01 4.409400000000000119e+01 2.600000000000000089e+00
1.017182999999999993e+01 4.403014000000000294e+01 1.399999999999999911e+00
1.020753000000000021e+01 4.405763999999999925e+01 2.399999900000000075e+00
1.247138900000000028e+01 4.624638699999999858e+01 2.800002999999999798e+00
1.590722200000000086e+01 3.843083200000000232e+01 0.000000000000000000e+00
1.607750000000000057e+01 3.840833299999999895e+01 0.000000000000000000e+00
1.601055500000000009e+01 3.835388999999999982e+01 0.000000000000000000e+00
1.174555600000000055e+01 4.245750000000000313e+01 0.000000000000000000e+00
1.184880000000000067e+01 4.518668999999999869e+01 0.000000000000000000e+00
1.028102999999999945e+01 4.393363999999999692e+01 1.999999899999999886e-01
1.033602999999999916e+01 4.396891999999999712e+01 1.999999899999999886e-01
1.254555500000000023e+01 4.405639000000000038e+01 0.000000000000000000e+00
1.038630999999999993e+01 4.415941999999999723e+01 0.000000000000000000e+00
9.800000000000000711e+00 4.429999999999999716e+01 1.999999899999999942e+00
1.242361099999999929e+01 4.228805499999999995e+01 0.000000000000000000e+00
1.003350000000000009e+01 4.433299999999999841e+01 0.000000000000000000e+00
1.340666700000000056e+01 4.160999999999999943e+01 0.000000000000000000e+00
1.305083400000000005e+01 4.179639000000000237e+01 0.000000000000000000e+00
9.823249999999999815e+00 4.445624999999999716e+01 3.299999699999999869e+00
1.355916700000000041e+01 4.160999999999999943e+01 0.000000000000000000e+00
1.391499999999999915e+01 4.149139000000000266e+01 0.000000000000000000e+00
1.386416600000000088e+01 4.167777600000000149e+01 0.000000000000000000e+00
9.822110000000000340e+00 4.433914000000000044e+01 2.819999899999999826e+01
1.340666700000000056e+01 4.177944600000000008e+01 0.000000000000000000e+00
1.315249999999999986e+01 4.169471999999999667e+01 0.000000000000000000e+00
1.379638899999999957e+01 4.127111000000000018e+01 0.000000000000000000e+00
1.394888899999999943e+01 4.160999999999999943e+01 0.000000000000000000e+00
9.984529999999999461e+00 4.431007999999999925e+01 1.999999899999999886e-01
1.366083300000000023e+01 4.138971999999999696e+01 0.000000000000000000e+00
1.031471999999999944e+01 4.398532999999999760e+01 0.000000000000000000e+00
1.000331000000000081e+01 4.424239000000000033e+01 3.600000000000000089e+00
1.340666700000000056e+01 4.150833500000000242e+01 0.000000000000000000e+00
1.269472200000000051e+01 4.237277600000000177e+01 0.000000000000000000e+00
1.042267000000000010e+01 4.395233000000000345e+01 1.800000000000000044e+00
1.186416600000000088e+01 4.276250000000000284e+01 0.000000000000000000e+00
1.037883000000000067e+01 4.387346999999999753e+01 0.000000000000000000e+00
1.044313999999999965e+01 4.406419000000000352e+01 0.000000000000000000e+00
9.863500000000000156e+00 4.428235999999999706e+01 1.999999899999999886e-01
1.247444400000000009e+01 4.220333500000000271e+01 0.000000000000000000e+00
1.011631000000000036e+01 4.421094999999999686e+01 0.000000000000000000e+00
1.211861099999999958e+01 4.213555499999999654e+01 0.000000000000000000e+00
1.030103000000000080e+01 4.428443999999999647e+01 0.000000000000000000e+00
1.027585999999999977e+01 4.402853000000000350e+01 1.000000000000000000e+00
1.025192000000000014e+01 4.399183000000000021e+01 3.999999799999999772e-01
1.201694499999999977e+01 4.220333500000000271e+01 0.000000000000000000e+00
1.027147000000000077e+01 4.400504999999999711e+01 1.000000000000000000e+00
1.022846999999999973e+01 4.402369000000000199e+01 2.799999999999999822e+00
9.764060000000000628e+00 4.435293999999999670e+01 6.200000000000000178e+00
9.955920000000000769e+00 4.436663999999999675e+01 2.000000000000000000e+00
1.011952999999999925e+01 4.430346999999999724e+01 9.999999400000000316e-01
1.015166999999999931e+01 4.424685999999999808e+01 0.000000000000000000e+00
1.020817000000000085e+01 4.417085999999999757e+01 3.999999799999999772e-01
1.016821999999999981e+01 4.405830999999999875e+01 5.000000000000000000e+00
9.920500000000000540e+00 4.446638999999999697e+01 7.999999500000000152e-01
1.250833300000000037e+01 4.166082999999999714e+01 0.000000000000000000e+00
1.021677999999999997e+01 4.430413999999999675e+01 0.000000000000000000e+00
1.264388800000000046e+01 4.155916599999999761e+01 0.000000000000000000e+00
1.003331000000000017e+01 4.415594000000000108e+01 1.999999899999999886e-01
1.298277799999999971e+01 4.188110999999999962e+01 0.000000000000000000e+00
1.323722300000000018e+01 4.181333000000000055e+01 0.000000000000000000e+00
1.015002999999999922e+01 4.416911000000000342e+01 0.000000000000000000e+00
1.067397000000000062e+01 4.413897000000000048e+01 1.999999899999999886e-01
1.330499999999999972e+01 4.164388999999999896e+01 0.000000000000000000e+00
1.352527800000000013e+01 4.127111000000000018e+01 0.000000000000000000e+00
1.074330999999999925e+01 4.413275000000000148e+01 0.000000000000000000e+00
1.266083300000000023e+01 4.171166600000000102e+01 0.000000000000000000e+00
1.078196999999999939e+01 4.412969999999999970e+01 0.000000000000000000e+00
1.325416700000000070e+01 4.171166600000000102e+01 0.000000000000000000e+00
1.332194400000000023e+01 4.157610999999999990e+01 0.000000000000000000e+00
1.028932999999999964e+01 4.410846999999999696e+01 3.999999799999999772e-01
1.079421999999999926e+01 4.407206000000000046e+01 1.999999899999999886e-01
1.078838999999999970e+01 4.405528000000000333e+01 0.000000000000000000e+00
1.372861100000000079e+01 4.130499999999999972e+01 0.000000000000000000e+00
1.045274999999999999e+01 4.409008000000000038e+01 3.999999799999999772e-01
1.155916700000000041e+01 4.237277600000000177e+01 0.000000000000000000e+00
1.053517000000000081e+01 4.401980999999999966e+01 3.999999799999999772e-01
1.266083300000000023e+01 4.164388999999999896e+01 0.000000000000000000e+00
1.075167000000000073e+01 4.409817000000000320e+01 1.000000000000000000e+00
1.277944500000000083e+01 4.150833500000000242e+01 0.000000000000000000e+00
1.071953000000000067e+01 4.404314000000000107e+01 2.200000000000000178e+00
1.055742000000000047e+01 4.400202999999999776e+01 9.999999400000000316e-01
1.340666700000000056e+01 4.167777600000000149e+01 0.000000000000000000e+00
1.055152999999999963e+01 4.397977999999999810e+01 2.000000000000000000e+00
1.355916700000000041e+01 4.122027599999999836e+01 0.000000000000000000e+00
1.036336000000000013e+01 4.399631000000000114e+01 0.000000000000000000e+00
1.043219000000000030e+01 4.399967000000000183e+01 0.000000000000000000e+00
1.198277799999999971e+01 4.200000000000000000e+01 0.000000000000000000e+00
1.031919000000000075e+01 4.400956000000000046e+01 0.000000000000000000e+00
1.019719000000000086e+01 4.413486000000000331e+01 5.999999599999999988e-01
1.203388900000000028e+01 4.205083499999999930e+01 0.000000000000000000e+00
1.033268999999999949e+01 4.423505999999999716e+01 0.000000000000000000e+00
1.030960999999999927e+01 4.425594000000000250e+01 0.000000000000000000e+00
1.223722300000000018e+01 4.215250000000000341e+01 0.000000000000000000e+00
1.315946800000000039e+01 4.582684299999999666e+01 0.000000000000000000e+00
1.150555499999999931e+01 4.421417000000000286e+01 0.000000000000000000e+00
1.330959499999999984e+01 4.604326999999999970e+01 0.000000000000000000e+00
9.883169999999999789e+00 4.436925000000000097e+01 0.000000000000000000e+00
1.360001199999999955e+01 4.589682799999999929e+01 2.000122000000000011e-01
1.053406000000000020e+01 4.410875000000000057e+01 3.999999799999999772e-01
1.460388850000000005e+01 4.064138799999999918e+01 3.000000000000000000e+00
1.314111100000000043e+01 4.648138800000000259e+01 0.000000000000000000e+00
1.345277800000000035e+01 4.645833199999999863e+01 1.999511700000000114e-01
1.006250000000000000e+01 4.420230000000000103e+01 0.000000000000000000e+00
1.524066599999999916e+01 4.182300000000000040e+01 1.400000099999999970e+00
1.352444500000000005e+01 4.621249999999999858e+01 0.000000000000000000e+00
1.730116699999999952e+01 4.093816799999999745e+01 0.000000000000000000e+00
1.342083399999999926e+01 4.609361299999999773e+01 1.999511700000000114e-01
1.264388800000000046e+01 4.159305599999999714e+01 0.000000000000000000e+00
1.640816699999999884e+01 4.082166699999999793e+01 0.000000000000000000e+00
1.291499999999999915e+01 4.164388999999999896e+01 0.000000000000000000e+00
1.283027700000000060e+01 4.159305599999999714e+01 0.000000000000000000e+00
1.298277799999999971e+01 4.159305599999999714e+01 0.000000000000000000e+00
1.083253000000000021e+01 4.404158000000000328e+01 1.999999899999999886e-01
1.100000000000000000e+01 4.388000000000000256e+01 1.999999899999999942e+00
1.327111149999999995e+01 4.154222000000000037e+01 0.000000000000000000e+00
1.318638900000000014e+01 4.147444500000000289e+01 0.000000000000000000e+00
1.340666700000000056e+01 4.144055600000000084e+01 0.000000000000000000e+00
1.266083300000000023e+01 4.174555600000000055e+01 0.000000000000000000e+00
1.058999999999999986e+01 4.367999999999999972e+01 1.999999899999999886e-01
1.176249999999999929e+01 4.255916599999999761e+01 0.000000000000000000e+00
1.200000000000000000e+01 4.215250000000000341e+01 0.000000000000000000e+00
1.063119000000000014e+01 4.366521999999999792e+01 0.000000000000000000e+00
1.179638899999999957e+01 4.237277600000000177e+01 0.000000000000000000e+00
1.233888900000000000e+01 4.223722000000000065e+01 1.999511700000000114e-01
1.222027800000000042e+01 4.223722000000000065e+01 0.000000000000000000e+00
1.198277799999999971e+01 4.266082999999999714e+01 0.000000000000000000e+00
1.068435999999999986e+01 4.359194999999999709e+01 3.999999799999999772e-01
1.193194500000000069e+01 4.254222000000000037e+01 0.000000000000000000e+00
1.039085999999999999e+01 4.363792000000000115e+01 0.000000000000000000e+00
1.085083000000000020e+01 4.363194000000000017e+01 1.999999899999999886e-01
1.058788999999999980e+01 4.365138999999999925e+01 0.000000000000000000e+00
1.184722200000000036e+01 4.255916599999999761e+01 2.001953099999999874e-01
1.067060999999999993e+01 4.340993999999999886e+01 0.000000000000000000e+00
1.235583300000000051e+01 4.172861000000000331e+01 0.000000000000000000e+00
1.301694499999999977e+01 4.137277600000000177e+01 0.000000000000000000e+00
1.083018999999999998e+01 4.345550000000000068e+01 0.000000000000000000e+00
1.191499999999999915e+01 4.227111000000000018e+01 0.000000000000000000e+00
1.041244000000000014e+01 4.371213999999999800e+01 0.000000000000000000e+00
1.276249999999999929e+01 4.225416599999999789e+01 0.000000000000000000e+00
1.281333350000000060e+01 4.223722000000000065e+01 0.000000000000000000e+00
1.266083300000000023e+01 4.216944500000000318e+01 3.999023400000000228e-01
1.086228000000000016e+01 4.340896999999999650e+01 0.000000000000000000e+00
1.269472200000000051e+01 4.172861000000000331e+01 0.000000000000000000e+00
1.222027800000000042e+01 4.183027599999999779e+01 0.000000000000000000e+00
1.065691999999999950e+01 4.377405999999999864e+01 9.999999400000000316e-01
1.154773199999999989e+01 4.565883000000000180e+01 0.000000000000000000e+00
1.035208000000000084e+01 4.359982999999999720e+01 0.000000000000000000e+00
1.096414000000000044e+01 4.399119999999999919e+01 0.000000000000000000e+00
1.082607999999999926e+01 4.381916999999999973e+01 5.999999599999999988e-01
1.094605999999999923e+01 4.372417000000000087e+01 1.199999999999999956e+00
1.077133000000000074e+01 4.389242000000000132e+01 1.999999899999999886e-01
1.089358000000000004e+01 4.392278000000000304e+01 7.999999500000000152e-01
1.447499999999999964e+01 4.228665999999999769e+01 0.000000000000000000e+00
1.090764000000000067e+01 4.384505000000000052e+01 3.899999999999999911e+00
1.075563999999999965e+01 4.397231000000000023e+01 0.000000000000000000e+00
1.115503000000000000e+01 4.386092000000000013e+01 0.000000000000000000e+00
1.107981000000000016e+01 4.402143999999999835e+01 0.000000000000000000e+00
1.096831000000000067e+01 4.360356000000000165e+01 0.000000000000000000e+00
1.127552999999999983e+01 4.384875000000000256e+01 1.199999999999999956e+00
1.103489000000000075e+01 4.354467000000000354e+01 0.000000000000000000e+00
1.233888900000000000e+01 4.235583499999999901e+01 0.000000000000000000e+00
1.106988999999999912e+01 4.395906000000000091e+01 3.999999799999999772e-01
1.218638900000000014e+01 4.201694499999999977e+01 0.000000000000000000e+00
1.082310999999999979e+01 4.395369000000000170e+01 0.000000000000000000e+00
1.092778000000000027e+01 4.353011000000000053e+01 0.000000000000000000e+00
1.109303000000000061e+01 4.377308000000000021e+01 2.889999899999999844e+00
1.109930999999999912e+01 4.388553000000000281e+01 0.000000000000000000e+00
1.356731100000000012e+01 4.224806000000000239e+01 0.000000000000000000e+00
1.359859999999999935e+01 4.310609999999999786e+01 0.000000000000000000e+00
1.401303399999999932e+01 4.227085499999999740e+01 0.000000000000000000e+00
1.371439999999999948e+01 4.315749999999999886e+01 0.000000000000000000e+00
1.104143999999999970e+01 4.347128000000000014e+01 0.000000000000000000e+00
1.350830000000000020e+01 4.361030000000000229e+01 0.000000000000000000e+00
1.103627999999999965e+01 4.371860999999999819e+01 0.000000000000000000e+00
1.095944000000000074e+01 4.378560999999999837e+01 1.999999899999999886e-01
1.131143999999999927e+01 4.383957999999999799e+01 1.999999899999999886e-01
1.116806000000000054e+01 4.381922000000000139e+01 3.999999799999999772e-01
1.323920000000000030e+01 4.299110000000000298e+01 0.000000000000000000e+00
1.228805499999999995e+01 4.201694499999999977e+01 0.000000000000000000e+00
1.109369000000000050e+01 4.407117000000000218e+01 0.000000000000000000e+00
1.121360999999999919e+01 4.394471999999999667e+01 1.999999899999999886e-01
1.128082999999999991e+01 4.407963999999999771e+01 7.999999500000000152e-01
1.130447000000000024e+01 4.404916999999999661e+01 1.999999899999999886e-01
1.133732999999999969e+01 4.402058000000000249e+01 3.999999799999999772e-01
1.132817000000000007e+01 4.396522000000000219e+01 6.399999600000000122e+00
1.112707999999999942e+01 4.392286000000000001e+01 0.000000000000000000e+00
1.112063999999999986e+01 4.405588999999999800e+01 1.999999899999999886e-01
1.324169999999999980e+01 4.300670000000000215e+01 0.000000000000000000e+00
1.138978000000000002e+01 4.395785999999999660e+01 7.000000000000000000e+00
1.123728000000000016e+01 4.398346999999999696e+01 0.000000000000000000e+00
1.158539000000000030e+01 4.378466999999999842e+01 9.999999400000000316e-01
1.152519000000000027e+01 4.388602999999999810e+01 2.600000000000000089e+00
1.126417000000000002e+01 4.364800000000000324e+01 1.999999899999999886e-01
1.343689999999999962e+01 4.340939999999999799e+01 0.000000000000000000e+00
1.142717000000000027e+01 4.361252999999999957e+01 1.230000000000000071e+01
1.119688999999999979e+01 4.404963999999999658e+01 0.000000000000000000e+00
1.318859999999999921e+01 4.331580000000000297e+01 0.000000000000000000e+00
1.342604200000000070e+01 4.332726000000000255e+01 0.000000000000000000e+00
1.113499999999999979e+01 4.361742000000000274e+01 3.600000000000000089e+00
1.265889999999999915e+01 4.340639999999999787e+01 0.000000000000000000e+00
1.142305999999999955e+01 4.377158000000000015e+01 1.199999999999999956e+00
1.282419999999999938e+01 4.331029999999999802e+01 1.150000000000000050e-01
1.146781000000000006e+01 4.403181000000000012e+01 1.999999899999999886e-01
1.143556000000000061e+01 4.400836000000000325e+01 5.899999600000000122e+00
1.140268999999999977e+01 4.384810999999999837e+01 1.399999999999999911e+00
1.304170000000000051e+01 4.338859999999999673e+01 0.000000000000000000e+00
1.189236000000000004e+01 4.347193999999999647e+01 1.999999899999999886e-01
1.290434100000000051e+01 4.343372000000000099e+01 0.000000000000000000e+00
1.164886000000000088e+01 4.343643999999999750e+01 5.999999599999999988e-01
1.312579099999999954e+01 4.349616999999999933e+01 0.000000000000000000e+00
1.280016600000000082e+01 4.582840300000000155e+01 0.000000000000000000e+00
1.187702999999999953e+01 4.379428000000000054e+01 1.999999899999999942e+00
1.183018999999999998e+01 4.371200000000000330e+01 1.999999899999999942e+00
1.289318899999999957e+01 4.613216800000000006e+01 0.000000000000000000e+00
1.448796500000000087e+01 4.203923400000000044e+01 0.000000000000000000e+00
1.181616999999999962e+01 4.381033000000000044e+01 1.599999900000000030e+00
1.145599999999999952e+01 4.368981000000000137e+01 4.899999600000000122e+00
1.261766700000000085e+01 4.584388400000000274e+01 0.000000000000000000e+00
1.193135999999999974e+01 4.370685999999999893e+01 5.999999599999999988e-01
1.248166699999999985e+01 4.618555500000000080e+01 6.299999999999999822e+00
1.363202700000000078e+01 4.255640999999999963e+01 0.000000000000000000e+00
1.174225000000000030e+01 4.333905000000000030e+01 0.000000000000000000e+00
1.162049999999999983e+01 4.374022000000000077e+01 1.800000000000000044e+00
1.210528000000000048e+01 4.348944000000000187e+01 0.000000000000000000e+00
1.175117000000000012e+01 4.368225000000000335e+01 3.000000000000000000e+00
1.279583399999999926e+01 4.622416700000000134e+01 0.000000000000000000e+00
1.313788899999999948e+01 4.594243600000000072e+01 0.000000000000000000e+00
1.441478500000000018e+01 4.213107999999999720e+01 0.000000000000000000e+00
1.155517000000000039e+01 4.364997000000000327e+01 1.029999899999999968e+01
1.204278000000000048e+01 4.366891999999999996e+01 2.000000000000000000e+00
1.331740399999999980e+01 4.242864999999999753e+01 0.000000000000000000e+00
1.325972200000000001e+01 4.616528000000000276e+01 0.000000000000000000e+00
1.127510999999999974e+01 4.390816999999999837e+01 3.100000000000000089e+00
1.166991999999999940e+01 4.383697000000000088e+01 7.999999500000000152e-01
1.153955999999999982e+01 4.396303000000000338e+01 7.099999399999999738e+00
1.364863099999999996e+01 4.195721400000000045e+01 0.000000000000000000e+00
1.181282999999999994e+01 4.361496999999999957e+01 1.240000000000000036e+01
1.131469000000000058e+01 4.366414000000000328e+01 3.999999799999999772e-01
1.125122000000000000e+01 4.379874999999999829e+01 1.999999899999999886e-01
1.113583399999999912e+01 4.668999999999999773e+01 2.100000000000000089e+00
1.362581100000000056e+01 4.205998000000000303e+01 0.000000000000000000e+00
1.142666600000000088e+01 4.642194400000000343e+01 0.000000000000000000e+00
1.127121999999999957e+01 4.400706000000000273e+01 0.000000000000000000e+00
1.341286500000000004e+01 4.194165000000000276e+01 0.000000000000000000e+00
1.130666599999999988e+01 4.691082999999999714e+01 1.100000000000000089e+00
1.353688499999999983e+01 4.207379999999999853e+01 0.000000000000000000e+00
1.112897000000000070e+01 4.347135999999999711e+01 1.999999899999999886e-01
1.119374999999999964e+01 4.376013999999999982e+01 3.999999799999999772e-01
1.224472199999999944e+01 4.682694599999999951e+01 7.000000499999999848e-01
1.448314399999999935e+01 4.199681499999999801e+01 0.000000000000000000e+00
1.170256000000000007e+01 4.380366999999999678e+01 5.999999599999999988e-01
1.077527800000000013e+01 4.662944399999999945e+01 9.000000400000000012e-01
1.155724999999999980e+01 4.373158000000000101e+01 3.000000000000000000e+00
1.363837999999999973e+01 4.258152400000000171e+01 0.000000000000000000e+00
1.125999999999999979e+01 4.378000000000000114e+01 1.999999899999999886e-01
1.375858099999999951e+01 4.279587599999999981e+01 0.000000000000000000e+00
1.059555499999999917e+01 4.651777599999999779e+01 1.000000000000000056e-01
1.083000000000000007e+01 4.367999999999999972e+01 1.800000000000000044e+00
1.177250000000000085e+01 4.668694299999999942e+01 1.600000000000000089e+00
1.197925000000000040e+01 4.342083000000000226e+01 1.999999899999999886e-01
1.040381000000000000e+01 4.352089000000000141e+01 0.000000000000000000e+00
1.454666699999999935e+01 4.177972400000000164e+01 0.000000000000000000e+00
1.074291999999999980e+01 4.338703000000000287e+01 0.000000000000000000e+00
1.080653000000000041e+01 4.328125000000000000e+01 5.889999399999999774e+00
1.073919000000000068e+01 4.320219000000000165e+01 0.000000000000000000e+00
1.576111099999999965e+01 4.050055700000000058e+01 0.000000000000000000e+00
1.069181000000000026e+01 4.325813999999999737e+01 1.199999899999999897e+00
1.357777800000000035e+01 4.643889000000000067e+01 0.000000000000000000e+00
1.258745200000000075e+01 4.640464999999999662e+01 4.000000000000000222e-01
1.086261000000000010e+01 4.314607999999999777e+01 0.000000000000000000e+00
1.629916599999999960e+01 3.865917000000000314e+01 0.000000000000000000e+00
1.095335999999999999e+01 4.344183000000000305e+01 0.000000000000000000e+00
1.293055500000000002e+01 4.635278000000000276e+01 0.000000000000000000e+00
1.072511000000000081e+01 4.343455999999999761e+01 0.000000000000000000e+00
1.281964400000000026e+01 4.612575999999999965e+01 0.000000000000000000e+00
1.063967000000000063e+01 4.312425000000000352e+01 0.000000000000000000e+00
1.072236000000000011e+01 4.306754999999999711e+01 0.000000000000000000e+00
1.099033000000000015e+01 4.336527999999999849e+01 5.200000000000000178e+00
1.571583399999999919e+01 3.823499999999999943e+01 0.000000000000000000e+00
1.258994700000000044e+01 4.599777000000000271e+01 0.000000000000000000e+00
1.094374999999999964e+01 4.325352999999999781e+01 3.600000000000000089e+00
8.550278000000000489e+00 4.556916799999999768e+01 0.000000000000000000e+00
1.085800000000000054e+01 4.333422000000000196e+01 4.689999600000000157e+00
1.625527800000000056e+01 3.912944399999999945e+01 0.000000000000000000e+00
1.035666699999999985e+01 4.431027600000000177e+01 0.000000000000000000e+00
1.359694499999999984e+01 4.649666599999999761e+01 6.000976599999999772e-01
1.116710999999999920e+01 4.329214000000000340e+01 4.700000000000000178e+00
1.080747000000000035e+01 4.315491999999999706e+01 0.000000000000000000e+00
1.066977999999999938e+01 4.332332999999999856e+01 0.000000000000000000e+00
1.048944499999999991e+01 4.452944600000000008e+01 0.000000000000000000e+00
1.061374999999999957e+01 4.301917000000000257e+01 0.000000000000000000e+00
1.094722200000000001e+01 4.426749999999999829e+01 0.000000000000000000e+00
1.568972199999999972e+01 3.811972000000000094e+01 0.000000000000000000e+00
1.081442000000000014e+01 4.307052999999999798e+01 0.000000000000000000e+00
1.098661000000000065e+01 4.321558000000000277e+01 3.999999799999999772e-01
9.330030999999999963e+00 4.464023600000000158e+01 0.000000000000000000e+00
1.060277999999999921e+01 4.336786000000000030e+01 0.000000000000000000e+00
1.662083200000000005e+01 3.898528000000000304e+01 0.000000000000000000e+00
1.237194399999999916e+01 4.310499999999999687e+01 0.000000000000000000e+00
1.092718999999999951e+01 4.330664000000000158e+01 0.000000000000000000e+00
1.107668999999999926e+01 4.320311000000000234e+01 1.800000000000000044e+00
1.047000000000000064e+01 4.339999999999999858e+01 0.000000000000000000e+00
1.253055600000000069e+01 4.328472000000000008e+01 0.000000000000000000e+00
1.097443999999999953e+01 4.314278000000000191e+01 0.000000000000000000e+00
1.676638799999999918e+01 3.911444500000000346e+01 0.000000000000000000e+00
1.103883000000000081e+01 4.310267000000000337e+01 0.000000000000000000e+00
1.156602999999999959e+01 4.354082999999999970e+01 1.250000000000000000e+01
1.574861100000000036e+01 3.802638999999999925e+01 0.000000000000000000e+00
1.269172000000000011e+01 4.294991999999999877e+01 0.000000000000000000e+00
1.137913999999999959e+01 4.348586000000000240e+01 6.200000300000000131e+00
1.160460999999999920e+01 4.359125000000000227e+01 1.980000000000000071e+01
1.151680999999999955e+01 4.341467000000000098e+01 4.000000000000000000e+00
1.153102999999999945e+01 4.345083000000000339e+01 6.200000000000000178e+00
1.623555599999999899e+01 3.930583200000000232e+01 0.000000000000000000e+00
1.180361000000000082e+01 4.320286000000000115e+01 0.000000000000000000e+00
1.193235999999999919e+01 4.318305999999999756e+01 0.000000000000000000e+00
1.192900000000000027e+01 4.334275000000000233e+01 0.000000000000000000e+00
1.199624999999999986e+01 4.326917000000000257e+01 0.000000000000000000e+00
1.216083300000000023e+01 4.349666599999999761e+01 0.000000000000000000e+00
1.238176799999999922e+01 4.325977300000000270e+01 1.992187500000000000e-01
1.149103000000000030e+01 4.305210999999999899e+01 0.000000000000000000e+00
1.172480999999999973e+01 4.306589000000000311e+01 1.999999899999999886e-01
1.656500000000000128e+01 3.895139000000000351e+01 0.000000000000000000e+00
1.164981000000000044e+01 4.315521999999999991e+01 0.000000000000000000e+00
1.155518999999999963e+01 4.332883000000000351e+01 0.000000000000000000e+00
1.122988999999999926e+01 4.327631000000000228e+01 3.999999799999999772e-01
1.185257999999999967e+01 4.295089000000000112e+01 0.000000000000000000e+00
1.285084149999999958e+01 4.275169400000000053e+01 0.000000000000000000e+00
1.628083399999999870e+01 3.917527799999999871e+01 0.000000000000000000e+00
1.237277800000000028e+01 4.200000000000000000e+01 0.000000000000000000e+00
1.245749999999999957e+01 4.200000000000000000e+01 0.000000000000000000e+00
1.249138899999999985e+01 4.196582999999999686e+01 0.000000000000000000e+00
1.122250000000000014e+01 4.300139000000000067e+01 0.000000000000000000e+00
1.240666700000000056e+01 4.196582999999999686e+01 0.000000000000000000e+00
1.132268999999999970e+01 4.306230999999999653e+01 0.000000000000000000e+00
1.264388800000000046e+01 4.194888999999999868e+01 0.000000000000000000e+00
1.136439000000000021e+01 4.298349999999999937e+01 0.000000000000000000e+00
1.249138899999999985e+01 4.194888999999999868e+01 0.000000000000000000e+00
1.185257999999999967e+01 4.295089000000000112e+01 0.000000000000000000e+00
1.244055600000000084e+01 4.193194600000000349e+01 0.000000000000000000e+00
1.257611099999999915e+01 4.193194600000000349e+01 0.000000000000000000e+00
1.128439000000000014e+01 4.293981000000000137e+01 0.000000000000000000e+00
1.252527800000000013e+01 4.193194600000000349e+01 0.000000000000000000e+00
1.097871999999999915e+01 4.298132999999999981e+01 0.000000000000000000e+00
1.250833300000000037e+01 4.189805599999999686e+01 0.000000000000000000e+00
1.599222199999999994e+01 3.988499999999999801e+01 0.000000000000000000e+00
1.092739000000000082e+01 4.289341999999999899e+01 0.000000000000000000e+00
1.242361099999999929e+01 4.188110999999999962e+01 0.000000000000000000e+00
1.130319000000000074e+01 4.280481000000000336e+01 0.000000000000000000e+00
1.274555600000000055e+01 4.188110999999999962e+01 0.000000000000000000e+00
1.116600000000000037e+01 4.276418999999999926e+01 0.000000000000000000e+00
1.249138899999999985e+01 4.188110999999999962e+01 0.000000000000000000e+00
1.218638900000000014e+01 4.186416599999999733e+01 0.000000000000000000e+00
1.249138899999999985e+01 4.183027599999999779e+01 0.000000000000000000e+00
1.235583300000000051e+01 4.183027599999999779e+01 0.000000000000000000e+00
1.125500000000000078e+01 4.261368999999999829e+01 0.000000000000000000e+00
1.242361099999999929e+01 4.183027599999999779e+01 0.000000000000000000e+00
1.150549999999999962e+01 4.278638999999999726e+01 0.000000000000000000e+00
1.154635999999999996e+01 4.269066999999999723e+01 3.999999799999999772e-01
1.149089000000000027e+01 4.271860999999999819e+01 0.000000000000000000e+00
1.310166599999999981e+01 4.198277699999999868e+01 0.000000000000000000e+00
1.223722300000000018e+01 4.176250000000000284e+01 1.199951200000000107e+00
1.133018999999999998e+01 4.269377999999999673e+01 0.000000000000000000e+00
1.238972200000000079e+01 4.177944600000000008e+01 0.000000000000000000e+00
1.255916700000000041e+01 4.176250000000000284e+01 0.000000000000000000e+00
1.228805499999999995e+01 4.172861000000000331e+01 0.000000000000000000e+00
1.227111149999999995e+01 4.208471999999999724e+01 0.000000000000000000e+00
1.142539000000000016e+01 4.264242000000000132e+01 0.000000000000000000e+00
1.218444399999999916e+01 4.310638800000000259e+01 0.000000000000000000e+00
1.151830999999999960e+01 4.260072000000000259e+01 3.999999799999999772e-01
1.213694500000000076e+01 4.311639000000000266e+01 0.000000000000000000e+00
1.203136199999999967e+01 4.301063500000000062e+01 0.000000000000000000e+00
1.164388800000000046e+01 4.232194499999999948e+01 0.000000000000000000e+00
1.123858000000000068e+01 4.255752999999999986e+01 0.000000000000000000e+00
1.195277800000000035e+01 4.316111000000000075e+01 0.000000000000000000e+00
1.164388800000000046e+01 4.254222000000000037e+01 0.000000000000000000e+00
1.294888899999999943e+01 4.199972000000000349e+01 0.000000000000000000e+00
1.133642000000000039e+01 4.254417000000000115e+01 0.000000000000000000e+00
1.301694499999999977e+01 4.257610999999999990e+01 0.000000000000000000e+00
1.372167899999999996e+01 3.726207000000000136e+01 0.000000000000000000e+00
1.102527000000000079e+01 4.402326599999999956e+01 0.000000000000000000e+00
1.308472249999999981e+01 4.145750000000000313e+01 0.000000000000000000e+00
1.085953300000000077e+01 4.387653000000000247e+01 1.800000000000000044e+00
1.333888900000000000e+01 4.177944600000000008e+01 0.000000000000000000e+00
1.376249999999999929e+01 4.149139000000000266e+01 0.000000000000000000e+00
1.643861199999999911e+01 4.017278000000000304e+01 0.000000000000000000e+00
1.101597499999999918e+01 4.265936700000000315e+01 0.000000000000000000e+00
1.209740200000000065e+01 4.355929600000000335e+01 0.000000000000000000e+00
1.367777799999999999e+01 4.155916599999999761e+01 0.000000000000000000e+00
1.550361200000000039e+01 4.090277999999999992e+01 3.300781199999999860e+00
1.214166600000000074e+01 4.318333400000000211e+01 0.000000000000000000e+00
1.616250000000000142e+01 4.073888800000000288e+01 0.000000000000000000e+00
1.050196799999999975e+01 4.391367999999999938e+01 0.000000000000000000e+00
1.152144400000000068e+01 4.552548600000000079e+01 0.000000000000000000e+00
1.255916700000000041e+01 4.237277600000000177e+01 0.000000000000000000e+00
1.116850600000000071e+01 4.238505599999999873e+01 0.000000000000000000e+00
1.289805600000000041e+01 4.220333500000000271e+01 0.000000000000000000e+00
1.169138899999999914e+01 4.414833500000000299e+01 3.994140600000000152e-01
1.308472249999999981e+01 4.167777600000000149e+01 0.000000000000000000e+00
1.301694499999999977e+01 4.191499999999999915e+01 0.000000000000000000e+00
1.012444400000000044e+01 4.469777700000000209e+01 0.000000000000000000e+00
1.104834999999999923e+01 4.376770400000000194e+01 1.999999899999999942e+00
1.016777800000000020e+01 4.468944499999999920e+01 0.000000000000000000e+00
1.276249999999999929e+01 4.235583499999999901e+01 0.000000000000000000e+00
1.337444400000000044e+01 4.235666700000000162e+01 0.000000000000000000e+00
1.140598800000000068e+01 4.279551299999999969e+01 0.000000000000000000e+00
1.139194499999999977e+01 4.648916599999999733e+01 2.999999999999999889e-01
1.622638900000000106e+01 4.026638799999999918e+01 0.000000000000000000e+00
7.544780000000000264e+00 4.387319999999999709e+01 0.000000000000000000e+00
8.169299999999999784e+00 4.400623999999999825e+01 0.000000000000000000e+00
1.059910600000000080e+01 4.403248200000000168e+01 1.000000000000000000e+00
1.253166700000000056e+01 4.610777699999999868e+01 2.400009199999999954e+00
1.549954999999999927e+01 4.156368299999999749e+01 1.199999999999999956e+00
8.526040000000000063e+00 4.440666999999999831e+01 0.000000000000000000e+00
1.262416649999999940e+01 4.619527999999999679e+01 8.000182999999999600e-01
1.123583999999999961e+01 4.351175700000000290e+01 3.999999799999999772e-01
9.340173999999999310e+00 4.448803000000000196e+01 1.402343799999999918e+00
9.481360000000000454e+00 4.429505999999999943e+01 4.000000000000000222e-01
1.395191100000000084e+01 4.277544799999999725e+01 0.000000000000000000e+00
1.377944399999999980e+01 4.233348999999999762e+01 0.000000000000000000e+00
1.045772799999999947e+01 4.406819999999999737e+01 0.000000000000000000e+00
1.424236499999999950e+01 4.244962300000000255e+01 0.000000000000000000e+00
8.000700000000000145e+00 4.393330000000000268e+01 0.000000000000000000e+00
1.478583300000000023e+01 4.189000000000000057e+01 1.999511700000000114e-01
7.953149999999999942e+00 4.397713000000000250e+01 0.000000000000000000e+00
1.499472199999999944e+01 4.197194300000000311e+01 6.000366000000000311e-01
1.515694399999999931e+01 4.180222299999999791e+01 1.800048799999999893e+00
1.059563400000000044e+01 4.326048000000000116e+01 0.000000000000000000e+00
1.436822399999999966e+01 4.203449200000000019e+01 0.000000000000000000e+00
7.621039999999999814e+00 4.384600999999999971e+01 0.000000000000000000e+00
1.409938700000000011e+01 4.218995999999999924e+01 0.000000000000000000e+00
1.675888799999999890e+01 3.904333499999999901e+01 0.000000000000000000e+00
9.391764999999999475e+00 4.476724999999999710e+01 0.000000000000000000e+00
9.410130000000000550e+00 4.442428999999999917e+01 0.000000000000000000e+00
1.394533400000000078e+01 4.234613800000000339e+01 0.000000000000000000e+00
9.715519999999999712e+00 4.423131999999999664e+01 0.000000000000000000e+00
1.469839200000000012e+01 4.209985999999999962e+01 0.000000000000000000e+00
1.438305599999999984e+01 4.174222000000000321e+01 0.000000000000000000e+00
8.302049999999999486e+00 4.419572999999999752e+01 0.000000000000000000e+00
1.107934700000000028e+01 4.292948499999999967e+01 0.000000000000000000e+00
1.444333400000000012e+01 4.160055499999999995e+01 2.000122000000000011e-01
9.159309999999999619e+00 4.434703999999999979e+01 0.000000000000000000e+00
8.693899999999999295e+00 4.454256000000000171e+01 0.000000000000000000e+00
1.340638799999999975e+01 4.253613699999999653e+01 0.000000000000000000e+00
1.010391000000000084e+01 4.411641999999999797e+01 3.899999900000000075e+00
9.597720000000000695e+00 4.427524999999999977e+01 1.320000100000000032e+01
1.498277799999999971e+01 4.148389000000000237e+01 1.600036599999999920e+00
9.765810000000000102e+00 4.430541999999999803e+01 2.800000199999999939e+00
1.492555499999999924e+01 4.170000000000000284e+01 7.999878000000000267e-01
9.988611000000000573e+00 4.450666799999999768e+01 0.000000000000000000e+00
1.010956799999999944e+01 4.404777500000000146e+01 4.899999600000000122e+00
9.373499999999999943e+00 4.429668999999999812e+01 0.000000000000000000e+00
1.078749999999999964e+01 4.441916700000000162e+01 0.000000000000000000e+00
1.614722300000000033e+01 3.827499999999999858e+01 0.000000000000000000e+00
1.139156599999999919e+01 4.240540000000000020e+01 0.000000000000000000e+00
1.618916700000000120e+01 3.837138699999999858e+01 0.000000000000000000e+00
8.382889999999999731e+00 4.433297000000000310e+01 0.000000000000000000e+00
1.604444499999999962e+01 3.822222000000000008e+01 0.000000000000000000e+00
1.590277799999999964e+01 3.804444500000000318e+01 0.000000000000000000e+00
1.632583400000000040e+01 3.918361300000000114e+01 0.000000000000000000e+00
9.321939999999999671e+00 4.442107000000000028e+01 1.600000000000000089e+00
1.033694900000000061e+01 4.410439300000000173e+01 1.999999899999999886e-01
1.608194400000000002e+01 3.809166700000000105e+01 0.000000000000000000e+00
1.648138799999999904e+01 3.979694400000000343e+01 0.000000000000000000e+00
1.090497900000000087e+01 4.405357699999999710e+01 0.000000000000000000e+00
9.584139999999999660e+00 4.435237000000000052e+01 8.000000000000000444e-01
1.249138899999999985e+01 4.199972000000000349e+01 0.000000000000000000e+00
8.134209999999999496e+00 4.407677999999999940e+01 0.000000000000000000e+00
1.154218499999999992e+01 4.358377999999999730e+01 3.500000000000000000e+00
7.773880000000000123e+00 4.387968000000000046e+01 0.000000000000000000e+00
7.733279999999999710e+00 4.390462999999999738e+01 0.000000000000000000e+00
1.104076099999999983e+01 4.366552999999999685e+01 1.999999899999999886e-01
9.329779999999999518e+00 4.431884999999999764e+01 0.000000000000000000e+00
1.101488799999999912e+01 4.276689499999999811e+01 0.000000000000000000e+00
8.262349999999999639e+00 4.414665000000000106e+01 0.000000000000000000e+00
1.062665900000000008e+01 4.318740499999999827e+01 0.000000000000000000e+00
1.164444400000000002e+01 4.654055400000000020e+01 2.000000000000000111e-01
7.543219999999999814e+00 4.383102999999999838e+01 0.000000000000000000e+00
8.202450000000000685e+00 4.423234000000000066e+01 0.000000000000000000e+00
7.873310000000000031e+00 4.408324999999999960e+01 0.000000000000000000e+00
1.220500000000000007e+01 4.672888999999999982e+01 6.999999999999999556e-01
1.083166699999999949e+01 4.648583200000000204e+01 1.900000099999999970e+00
7.866670000000000051e+00 4.398131000000000057e+01 0.000000000000000000e+00
8.103630000000000777e+00 4.397923000000000116e+01 0.000000000000000000e+00
7.928589999999999804e+00 4.385262999999999778e+01 0.000000000000000000e+00
1.136583300000000030e+01 4.693583300000000236e+01 1.399999999999999911e+00
1.052169499999999935e+01 4.334989999999999810e+01 0.000000000000000000e+00
9.007139999999999702e+00 4.447507000000000232e+01 0.000000000000000000e+00
1.413783500000000082e+01 4.151865800000000206e+01 1.999511700000000114e-01
9.734830000000000538e+00 4.410631999999999664e+01 0.000000000000000000e+00
1.158805599999999991e+01 4.424944299999999942e+01 0.000000000000000000e+00
1.418500000000000050e+01 4.170000000000000284e+01 0.000000000000000000e+00
1.414111100000000043e+01 4.162527999999999651e+01 0.000000000000000000e+00
1.425055599999999956e+01 4.160944400000000343e+01 0.000000000000000000e+00
1.089365800000000029e+01 4.374197800000000314e+01 9.999999400000000316e-01
1.421281800000000040e+01 4.135291300000000092e+01 7.999878000000000267e-01
1.147805600000000048e+01 4.431611300000000142e+01 0.000000000000000000e+00
1.149888900000000014e+01 4.413833199999999835e+01 0.000000000000000000e+00
9.699080000000000368e+00 4.434967000000000326e+01 9.800000000000000711e+00
1.167277799999999921e+01 4.422361000000000075e+01 0.000000000000000000e+00
1.182537800000000061e+01 4.330850999999999829e+01 0.000000000000000000e+00
1.647166599999999903e+01 4.025194499999999920e+01 0.000000000000000000e+00
1.629833400000000054e+01 3.998389000000000237e+01 0.000000000000000000e+00
1.649661599999999950e+01 3.971063199999999682e+01 0.000000000000000000e+00
1.610361100000000079e+01 4.007000000000000028e+01 0.000000000000000000e+00
9.095390000000000086e+00 4.446781000000000006e+01 0.000000000000000000e+00
1.579666699999999935e+01 4.000110999999999706e+01 0.000000000000000000e+00
1.597305599999999970e+01 3.995360999999999763e+01 0.000000000000000000e+00
8.067679999999999296e+00 4.391987000000000307e+01 0.000000000000000000e+00
1.608777800000000013e+01 3.985499999999999687e+01 0.000000000000000000e+00
1.362694499999999920e+01 4.172861000000000331e+01 0.000000000000000000e+00
1.046672000000000047e+01 4.358384300000000167e+01 0.000000000000000000e+00
7.951500000000000234e+00 4.390590000000000259e+01 0.000000000000000000e+00
9.093180000000000263e+00 4.440290000000000248e+01 0.000000000000000000e+00
1.383638900000000049e+01 4.128055599999999714e+01 0.000000000000000000e+00
1.477055550000000039e+01 4.071944400000000286e+01 4.399963399999999858e+00
8.704929999999999168e+00 4.446493999999999858e+01 0.000000000000000000e+00
1.059473799999999954e+01 4.322189000000000192e+01 1.999999899999999886e-01
1.486555599999999977e+01 4.064638999999999669e+01 4.000000000000000000e+00
1.585166599999999981e+01 3.962972299999999848e+01 0.000000000000000000e+00
9.540330000000000865e+00 4.421359000000000350e+01 0.000000000000000000e+00
1.644694499999999948e+01 4.004999999999999716e+01 0.000000000000000000e+00
8.895609999999999573e+00 4.445530000000000115e+01 0.000000000000000000e+00
1.142150999999999961e+01 4.345651199999999648e+01 7.690000000000000391e+00
8.979589999999999961e+00 4.445964000000000027e+01 0.000000000000000000e+00
8.824600000000000222e+00 4.443227000000000260e+01 0.000000000000000000e+00
8.900100000000000122e+00 4.448852000000000118e+01 0.000000000000000000e+00
1.633222200000000157e+01 3.889833500000000299e+01 0.000000000000000000e+00
1.689055600000000013e+01 3.906889000000000323e+01 0.000000000000000000e+00
1.615361000000000047e+01 3.820444499999999977e+01 0.000000000000000000e+00
1.612444500000000147e+01 3.854944600000000321e+01 0.000000000000000000e+00
8.972599999999999909e+00 4.442367000000000132e+01 0.000000000000000000e+00
1.598361099999999979e+01 3.849972000000000349e+01 0.000000000000000000e+00
9.387729999999999464e+00 4.446112000000000108e+01 4.000000000000000222e-01
9.893653999999999726e+00 4.342631000000000085e+01 0.000000000000000000e+00
1.591277799999999942e+01 3.837749999999999773e+01 0.000000000000000000e+00
1.573666700000000063e+01 3.812055600000000055e+01 0.000000000000000000e+00
7.608080000000000176e+00 4.393959999999999866e+01 0.000000000000000000e+00
8.016519999999999868e+00 4.387957000000000107e+01 0.000000000000000000e+00
1.135548400000000058e+01 4.354208799999999968e+01 2.600000000000000089e+00
1.572416699999999956e+01 3.804222000000000037e+01 0.000000000000000000e+00
1.572861100000000079e+01 3.798749999999999716e+01 0.000000000000000000e+00
1.606326500000000124e+01 3.792522000000000304e+01 0.000000000000000000e+00
8.483050000000000423e+00 4.430619999999999692e+01 0.000000000000000000e+00
1.079956100000000063e+01 4.356348799999999954e+01 1.999999899999999886e-01
1.596666600000000003e+01 4.045055399999999679e+01 0.000000000000000000e+00
1.559305600000000069e+01 4.073361200000000082e+01 0.000000000000000000e+00
8.858219999999999317e+00 4.453012999999999977e+01 1.199999999999999956e+00
1.464555550000000039e+01 4.069639000000000095e+01 3.200012200000000195e+00
1.024188700000000019e+01 4.389591999999999672e+01 1.800000000000000044e+00
9.614839999999999165e+00 4.432323000000000235e+01 2.200000000000000178e+00
1.438698699999999953e+01 4.063023799999999852e+01 4.000000000000000000e+00
1.478083299999999944e+01 4.100277700000000181e+01 4.199951000000000434e+00
9.047169999999999490e+00 4.444075999999999738e+01 0.000000000000000000e+00
1.484444399999999931e+01 4.089249999999999829e+01 3.599975600000000053e+00
8.480109999999999815e+00 4.433541999999999916e+01 0.000000000000000000e+00
1.463888900000000071e+01 4.065250000000000341e+01 2.600036600000000142e+00
1.457944499999999977e+01 4.062138699999999858e+01 3.200012200000000195e+00
8.647660000000000124e+00 4.440350000000000108e+01 0.000000000000000000e+00
1.460666699999999985e+01 4.065167000000000286e+01 2.800048799999999893e+00
9.606769999999999143e+00 4.417143000000000086e+01 0.000000000000000000e+00
1.436333400000000005e+01 4.081416699999999764e+01 2.399963399999999858e+00
1.470222200000000079e+01 4.065027599999999808e+01 1.200012199999999973e+00
1.453361100000000050e+01 4.063916799999999796e+01 3.200073199999999840e+00
1.475888899999999992e+01 4.074194299999999913e+01 3.200012200000000195e+00
1.484416700000000056e+01 4.072638700000000256e+01 3.599975600000000053e+00
1.424222199999999994e+01 4.120360999999999763e+01 1.200012199999999973e+00
1.508666700000000027e+01 4.129889000000000010e+01 3.799987799999999805e+00
9.284209999999999852e+00 4.455420999999999765e+01 0.000000000000000000e+00
1.086539299999999919e+01 4.302094999999999914e+01 0.000000000000000000e+00
1.451444399999999924e+01 4.068889000000000067e+01 0.000000000000000000e+00
1.000899000000000072e+01 4.407491000000000270e+01 0.000000000000000000e+00
1.397861100000000079e+01 4.128083399999999870e+01 2.000122000000000011e-01
1.576861099999999993e+01 3.993750000000000000e+01 0.000000000000000000e+00
1.651527799999999857e+01 4.036666499999999758e+01 0.000000000000000000e+00
1.643289800000000156e+01 4.063936999999999955e+01 0.000000000000000000e+00
1.038272300000000037e+01 4.376919000000000182e+01 0.000000000000000000e+00
9.618700000000000472e+00 4.417887999999999948e+01 0.000000000000000000e+00
1.665138800000000074e+01 4.016777799999999843e+01 0.000000000000000000e+00
1.672666699999999906e+01 4.029833200000000204e+01 0.000000000000000000e+00
1.464351300000000045e+01 4.213718999999999681e+01 0.000000000000000000e+00
8.741550000000000153e+00 4.443428999999999718e+01 0.000000000000000000e+00
1.017944400000000016e+01 4.449972000000000349e+01 2.011718799999999974e-01
1.027666699999999977e+01 4.451638799999999918e+01 0.000000000000000000e+00
1.052131800000000084e+01 4.379226299999999839e+01 0.000000000000000000e+00
1.009277799999999914e+01 4.443833000000000055e+01 4.003906199999999749e-01
1.003194399999999931e+01 4.454361000000000104e+01 1.992187500000000000e-01
8.378830000000000666e+00 4.419324999999999903e+01 0.000000000000000000e+00
9.633333000000000368e+00 4.479555500000000023e+01 0.000000000000000000e+00
1.001408999999999949e+01 4.405020999999999987e+01 1.000000000000000000e+00
1.055375000000000085e+01 4.374540300000000315e+01 1.199999899999999897e+00
9.579444999999999766e+00 4.463611199999999712e+01 0.000000000000000000e+00
9.614739999999999398e+00 4.424499000000000137e+01 2.000000000000000111e-01
8.733119999999999550e+00 4.447419000000000011e+01 0.000000000000000000e+00
8.844849999999999213e+00 4.444247000000000014e+01 0.000000000000000000e+00
1.069777799999999957e+01 4.452027999999999963e+01 0.000000000000000000e+00
8.938159999999999883e+00 4.454028000000000276e+01 0.000000000000000000e+00
1.027277800000000063e+01 4.439361199999999741e+01 0.000000000000000000e+00
7.618879999999999875e+00 4.379330000000000211e+01 0.000000000000000000e+00
1.092191599999999951e+01 4.369085700000000116e+01 7.999999500000000152e-01
1.044666699999999970e+01 4.448472199999999788e+01 0.000000000000000000e+00
1.067664199999999930e+01 4.459559200000000345e+01 0.000000000000000000e+00
1.143946099999999966e+01 4.295061499999999910e+01 0.000000000000000000e+00
9.405359000000000691e+00 4.463271699999999953e+01 0.000000000000000000e+00
8.371359999999999246e+00 4.428425000000000011e+01 0.000000000000000000e+00
7.842019999999999769e+00 4.393074000000000012e+01 0.000000000000000000e+00
9.709443999999999519e+00 4.476444599999999951e+01 0.000000000000000000e+00
8.798669999999999547e+00 4.448017000000000110e+01 0.000000000000000000e+00
9.618888999999999356e+00 4.444749999999999801e+01 1.000000000000000000e+00
1.144161899999999932e+01 4.324024000000000001e+01 0.000000000000000000e+00
1.002333400000000019e+01 4.473305500000000023e+01 0.000000000000000000e+00
9.938420000000000698e+00 4.407128999999999763e+01 0.000000000000000000e+00
1.103583300000000023e+01 4.408055499999999682e+01 0.000000000000000000e+00
1.111666699999999963e+01 4.428722400000000192e+01 0.000000000000000000e+00
9.640200000000000102e+00 4.414829999999999899e+01 0.000000000000000000e+00
1.074571899999999935e+01 4.366783999999999821e+01 3.500000000000000000e+00
8.954219999999999402e+00 4.454856000000000193e+01 2.000000000000000111e-01
1.213388899999999992e+01 4.368750000000000000e+01 0.000000000000000000e+00
9.899756000000000000e+00 4.422178300000000206e+01 6.099999399999999738e+00
9.169940000000000424e+00 4.444371999999999900e+01 0.000000000000000000e+00
1.189039000000000001e+01 4.337348999999999677e+01 0.000000000000000000e+00
1.108750000000000036e+01 4.450666799999999768e+01 0.000000000000000000e+00
8.041339999999999932e+00 4.405718999999999852e+01 0.000000000000000000e+00
1.133888900000000000e+01 4.436916699999999736e+01 0.000000000000000000e+00
9.284919999999999618e+00 4.442421999999999827e+01 2.399999999999999911e+00
1.240499999999999936e+01 4.397861000000000331e+01 0.000000000000000000e+00
9.356239999999999668e+00 4.434208999999999889e+01 0.000000000000000000e+00
1.048562500000000064e+01 4.419532000000000238e+01 0.000000000000000000e+00
8.266944999999999766e+00 4.600500000000000256e+01 0.000000000000000000e+00
9.849040000000000461e+00 4.419800999999999647e+01 3.800000199999999939e+00
1.117472300000000018e+01 4.410889000000000237e+01 2.011718799999999974e-01
9.770989999999999398e+00 4.419514000000000209e+01 2.000000000000000111e-01
1.132527699999999982e+01 4.422278000000000020e+01 0.000000000000000000e+00
1.138138900000000042e+01 4.412194399999999916e+01 0.000000000000000000e+00
7.793429999999999858e+00 4.404202000000000083e+01 0.000000000000000000e+00
1.143361100000000086e+01 4.421388999999999925e+01 0.000000000000000000e+00
1.150242800000000010e+01 4.375903999999999883e+01 7.999999500000000152e-01
1.154805600000000076e+01 4.411610999999999905e+01 1.992187500000000000e-01
1.173254400000000075e+01 4.281813999999999965e+01 1.959999799999999937e+01
9.714959999999999596e+00 4.418992000000000075e+01 0.000000000000000000e+00
7.866439999999999877e+00 4.406392999999999915e+01 0.000000000000000000e+00
1.029163600000000045e+01 4.419231400000000320e+01 0.000000000000000000e+00
8.673059999999999548e+00 4.451774999999999949e+01 4.000000000000000222e-01
9.009109999999999729e+00 4.441680999999999813e+01 0.000000000000000000e+00
1.058833800000000025e+01 4.377826699999999960e+01 1.999999899999999886e-01
9.271020000000000039e+00 4.439365000000000094e+01 0.000000000000000000e+00
7.914729999999999599e+00 4.404952000000000112e+01 0.000000000000000000e+00
8.736019999999999897e+00 4.448613000000000284e+01 0.000000000000000000e+00
1.165429999999999922e+01 4.263509799999999927e+01 0.000000000000000000e+00
7.694539999999999935e+00 4.391861999999999711e+01 0.000000000000000000e+00
8.004329999999999501e+00 4.406542000000000314e+01 0.000000000000000000e+00
9.209279999999999688e+00 4.435452999999999690e+01 3.200000300000000131e+00
9.457739999999999370e+00 4.437487999999999744e+01 0.000000000000000000e+00
9.763730000000000686e+00 4.415319000000000216e+01 0.000000000000000000e+00
8.934329999999999217e+00 4.442797000000000196e+01 0.000000000000000000e+00
1.589250000000000007e+01 3.858277999999999963e+01 0.000000000000000000e+00
1.711083400000000054e+01 3.940722300000000189e+01 0.000000000000000000e+00
7.601770000000000138e+00 4.388859000000000066e+01 0.000000000000000000e+00
1.657000000000000028e+01 3.843555500000000080e+01 0.000000000000000000e+00
9.107350000000000279e+00 4.443845000000000312e+01 0.000000000000000000e+00
8.527300000000000324e+00 4.436189000000000249e+01 0.000000000000000000e+00
1.603416599999999903e+01 3.800166699999999764e+01 0.000000000000000000e+00
8.437530000000000641e+00 4.434555000000000291e+01 0.000000000000000000e+00
1.034768599999999950e+01 4.347955999999999932e+01 0.000000000000000000e+00
1.320361100000000043e+01 4.619222299999999848e+01 0.000000000000000000e+00
1.316583299999999923e+01 4.611778000000000333e+01 0.000000000000000000e+00
1.322888850000000005e+01 4.611527600000000149e+01 0.000000000000000000e+00
8.624639999999999418e+00 4.440644999999999953e+01 0.000000000000000000e+00
1.316138899999999978e+01 4.622861000000000331e+01 0.000000000000000000e+00
1.314611149999999995e+01 4.616694300000000339e+01 0.000000000000000000e+00
1.315361099999999972e+01 4.619610999999999734e+01 0.000000000000000000e+00
9.533839999999999648e+00 4.440681000000000012e+01 5.999999999999999778e-01
1.321388900000000000e+01 4.615167000000000286e+01 0.000000000000000000e+00
1.173313199999999945e+01 4.294828799999999802e+01 0.000000000000000000e+00
7.698500000000000121e+00 4.382755999999999830e+01 0.000000000000000000e+00
1.271472299999999933e+01 4.639277599999999779e+01 4.000244000000000022e-01
1.136527199999999915e+01 4.445376000000000261e+01 0.000000000000000000e+00
9.182059999999999889e+00 4.448758000000000123e+01 2.399999999999999911e+00
1.584333299999999944e+01 4.030833400000000211e+01 0.000000000000000000e+00
9.677509999999999835e+00 4.429847999999999786e+01 1.100000000000000000e+01
1.141280599999999978e+01 4.379649700000000223e+01 3.899999999999999911e+00
7.714444600000000207e+00 4.495444499999999977e+01 0.000000000000000000e+00
1.114354100000000081e+01 4.270399499999999904e+01 0.000000000000000000e+00
7.049444699999999564e+00 4.514527999999999963e+01 0.000000000000000000e+00
1.006207000000000029e+01 4.420233000000000345e+01 0.000000000000000000e+00
1.106381999999999977e+01 4.303282500000000255e+01 0.000000000000000000e+00
9.828189999999999316e+00 4.410703000000000173e+01 0.000000000000000000e+00
1.089246999999999943e+01 4.367775699999999972e+01 0.000000000000000000e+00
7.805555299999999974e+00 4.425999999999999801e+01 0.000000000000000000e+00
7.786249999999999893e+00 4.382265000000000299e+01 0.000000000000000000e+00
1.055572000000000088e+01 4.305246999999999957e+01 0.000000000000000000e+00
9.965460000000000207e+00 4.411227000000000231e+01 0.000000000000000000e+00
8.482519999999999172e+00 4.441581999999999653e+01 0.000000000000000000e+00
9.480819999999999581e+00 4.435047999999999746e+01 8.000000000000000444e-01
1.123424400000000034e+01 4.359494999999999720e+01 0.000000000000000000e+00
9.060660000000000380e+00 4.438400000000000034e+01 0.000000000000000000e+00
8.698055000000000092e+00 4.554472400000000221e+01 0.000000000000000000e+00
1.057835000000000036e+01 4.353204300000000160e+01 0.000000000000000000e+00
9.736980000000000857e+00 4.426433999999999713e+01 4.000000000000000222e-01
9.620499999999999829e+00 4.440529999999999688e+01 4.000000000000000000e+00
1.098773300000000042e+01 4.394705600000000345e+01 1.999999899999999886e-01
8.538332999999999728e+00 4.452166700000000077e+01 0.000000000000000000e+00
9.548590000000000799e+00 4.431273999999999802e+01 1.199999999999999956e+00
1.115142499999999970e+01 4.336627200000000215e+01 1.199999899999999897e+00
8.035170000000000812e+00 4.400652999999999793e+01 0.000000000000000000e+00
7.762419999999999654e+00 4.399450999999999823e+01 0.000000000000000000e+00
8.627390000000000114e+00 4.446952999999999889e+01 0.000000000000000000e+00
1.159651400000000088e+01 4.273097599999999829e+01 5.999999599999999988e-01
9.584199999999999164e+00 4.438313000000000130e+01 4.599999999999999645e+00
8.191050000000000608e+00 4.436959000000000231e+01 0.000000000000000000e+00
1.227469400000000022e+01 4.374963799999999736e+01 0.000000000000000000e+00
7.721079999999999721e+00 4.404424999999999812e+01 0.000000000000000000e+00
8.220019999999999882e+00 4.416396999999999906e+01 0.000000000000000000e+00
8.978490000000000748e+00 4.448555000000000348e+01 0.000000000000000000e+00
1.054268300000000025e+01 4.358988999999999692e+01 1.999999899999999886e-01
9.063480000000000203e+00 4.442846000000000117e+01 0.000000000000000000e+00
9.333611499999999950e+00 4.483971999999999980e+01 0.000000000000000000e+00
9.491944000000000159e+00 4.487749999999999773e+01 0.000000000000000000e+00
8.947440000000000282e+00 4.452038000000000295e+01 0.000000000000000000e+00
7.386389000000000316e+00 4.509388700000000227e+01 0.000000000000000000e+00
7.612110000000000376e+00 4.378777000000000186e+01 0.000000000000000000e+00
1.071639099999999978e+01 4.396909300000000087e+01 0.000000000000000000e+00
7.267777999999999849e+00 4.511249999999999716e+01 0.000000000000000000e+00
1.117469799999999935e+01 4.278712500000000318e+01 0.000000000000000000e+00
7.873611000000000359e+00 4.551416799999999796e+01 0.000000000000000000e+00
1.020933499999999938e+01 4.399304599999999965e+01 3.699999800000000061e+00
8.884166999999999703e+00 4.468194600000000349e+01 0.000000000000000000e+00
1.068454200000000043e+01 4.306398999999999688e+01 0.000000000000000000e+00
1.116250999999999927e+01 4.357191000000000258e+01 0.000000000000000000e+00
9.775833000000000439e+00 4.475194499999999920e+01 0.000000000000000000e+00
1.064947500000000069e+01 4.354182399999999831e+01 0.000000000000000000e+00
9.767500000000000071e+00 4.459361299999999773e+01 0.000000000000000000e+00
1.081805499999999931e+01 4.417777600000000149e+01 0.000000000000000000e+00
1.114656100000000016e+01 4.396278000000000219e+01 7.999999500000000152e-01
9.934443999999999164e+00 4.472722199999999759e+01 0.000000000000000000e+00
9.868055000000000021e+00 4.463027999999999906e+01 0.000000000000000000e+00
9.634999999999999787e+00 4.462083400000000211e+01 0.000000000000000000e+00
9.676666000000000878e+00 4.482000000000000028e+01 0.000000000000000000e+00
9.965818999999999761e+00 4.424965699999999913e+01 0.000000000000000000e+00
6.966666700000000212e+00 4.511388800000000288e+01 0.000000000000000000e+00
8.044444000000000372e+00 4.417750000000000199e+01 0.000000000000000000e+00
1.178137399999999957e+01 4.373426400000000314e+01 1.599999900000000030e+00
8.302777999999999992e+00 4.611028000000000304e+01 0.000000000000000000e+00
1.439970199999999956e+01 3.697330000000000183e+01 0.000000000000000000e+00
1.450111899999999920e+01 3.762172300000000291e+01 0.000000000000000000e+00
1.363637400000000000e+01 3.723831599999999753e+01 0.000000000000000000e+00
1.033003700000000080e+01 4.449334699999999998e+01 0.000000000000000000e+00
1.031805499999999931e+01 4.429694400000000343e+01 0.000000000000000000e+00
1.048861100000000057e+01 4.421000000000000085e+01 2.011718799999999974e-01
1.354960900000000024e+01 3.734151500000000112e+01 0.000000000000000000e+00
1.047527799999999942e+01 4.463444499999999948e+01 0.000000000000000000e+00
1.046694500000000083e+01 4.424833300000000236e+01 2.031250000000000000e-01
8.713888999999999996e+00 4.492666599999999733e+01 0.000000000000000000e+00
1.447004800000000024e+01 3.744924999999999926e+01 0.000000000000000000e+00
1.359457899999999952e+01 3.746687699999999666e+01 0.000000000000000000e+00
6.947222000000000008e+00 4.499444600000000349e+01 0.000000000000000000e+00
1.341528100000000023e+01 3.759550500000000284e+01 0.000000000000000000e+00
1.478619400000000006e+01 3.775352999999999781e+01 0.000000000000000000e+00
1.051638900000000021e+01 4.423722000000000065e+01 0.000000000000000000e+00
1.411392900000000061e+01 3.712992500000000007e+01 0.000000000000000000e+00
6.906666799999999995e+00 4.506389000000000067e+01 0.000000000000000000e+00
1.457480999999999938e+01 3.723002600000000228e+01 0.000000000000000000e+00
9.584722499999999812e+00 4.458166500000000099e+01 0.000000000000000000e+00
1.405107300000000059e+01 3.742856599999999645e+01 0.000000000000000000e+00
1.038166700000000020e+01 4.451777599999999779e+01 0.000000000000000000e+00
9.236389000000000848e+00 4.460472000000000037e+01 5.976562500000000000e-01
1.377364999999999995e+01 3.735848200000000219e+01 0.000000000000000000e+00
9.242777999999999494e+00 4.448305500000000023e+01 0.000000000000000000e+00
9.726665999999999812e+00 4.482583199999999835e+01 0.000000000000000000e+00
9.684722000000000719e+00 4.469471999999999667e+01 0.000000000000000000e+00
1.447974100000000064e+01 3.802952599999999705e+01 0.000000000000000000e+00
1.448580899999999971e+01 3.789511000000000251e+01 0.000000000000000000e+00
9.498611000000000359e+00 4.481971999999999667e+01 0.000000000000000000e+00
9.277222999999999331e+00 4.457694599999999951e+01 0.000000000000000000e+00
9.237778000000000489e+00 4.487111300000000114e+01 0.000000000000000000e+00
9.548332999999999515e+00 4.452805699999999689e+01 0.000000000000000000e+00
1.408627800000000008e+01 3.797077600000000075e+01 0.000000000000000000e+00
9.886665999999999954e+00 4.456860999999999962e+01 5.996093999999999591e-01
9.798332999999999515e+00 4.471500000000000341e+01 0.000000000000000000e+00
9.699445000000000761e+00 4.444777700000000209e+01 3.300781199999999860e+00
1.288876999999999917e+01 3.801292999999999722e+01 0.000000000000000000e+00
9.679444000000000159e+00 4.456527700000000181e+01 0.000000000000000000e+00
9.820833000000000368e+00 4.464916600000000102e+01 0.000000000000000000e+00
1.285233299999999979e+01 3.764603400000000022e+01 0.000000000000000000e+00
9.784444999999999837e+00 4.444471999999999667e+01 3.500000000000000000e+00
1.506771099999999919e+01 3.744178800000000251e+01 0.000000000000000000e+00
1.060638900000000007e+01 4.450027999999999651e+01 0.000000000000000000e+00
1.099333299999999980e+01 4.443277700000000152e+01 0.000000000000000000e+00
1.067500000000000071e+01 4.426027700000000209e+01 0.000000000000000000e+00
1.644796600000000097e+01 4.091620300000000299e+01 0.000000000000000000e+00
1.467860800000000054e+01 3.783717999999999648e+01 0.000000000000000000e+00
1.631277499999999847e+01 4.088329300000000188e+01 0.000000000000000000e+00
1.459351799999999955e+01 3.701236000000000104e+01 0.000000000000000000e+00
8.275000000000000355e+00 4.483277999999999963e+01 0.000000000000000000e+00
1.748196400000000139e+01 4.079252199999999817e+01 0.000000000000000000e+00
1.304288500000000006e+01 3.772885500000000292e+01 0.000000000000000000e+00
1.803223399999999899e+01 4.054332699999999789e+01 0.000000000000000000e+00
1.574443800000000060e+01 4.134749000000000052e+01 1.199951200000000107e+00
1.325012300000000032e+01 3.780304000000000286e+01 0.000000000000000000e+00
1.517401199999999939e+01 4.154222500000000196e+01 1.400024399999999947e+00
1.392630800000000058e+01 3.734057599999999866e+01 0.000000000000000000e+00
8.846389000000000280e+00 4.483027599999999779e+01 0.000000000000000000e+00
1.844158699999999840e+01 4.023742299999999972e+01 0.000000000000000000e+00
1.417521299999999940e+01 3.750501299999999816e+01 0.000000000000000000e+00
1.809742699999999971e+01 4.047059999999999746e+01 0.000000000000000000e+00
1.806752600000000086e+01 3.998201999999999856e+01 0.000000000000000000e+00
7.850833399999999962e+00 4.469916500000000070e+01 0.000000000000000000e+00
1.258555100000000060e+01 3.803296999999999883e+01 0.000000000000000000e+00
1.748798999999999992e+01 4.034351000000000198e+01 0.000000000000000000e+00
1.537428599999999967e+01 3.803352699999999942e+01 0.000000000000000000e+00
1.686804000000000059e+01 4.068109499999999912e+01 0.000000000000000000e+00
7.780555699999999852e+00 4.454249999999999687e+01 0.000000000000000000e+00
1.489477100000000043e+01 3.724410999999999916e+01 0.000000000000000000e+00
1.620202799999999854e+01 4.120242700000000013e+01 0.000000000000000000e+00
1.741403199999999885e+01 4.068836600000000203e+01 0.000000000000000000e+00
1.729448299999999961e+01 4.091964300000000065e+01 0.000000000000000000e+00
1.429862100000000069e+01 3.715506400000000298e+01 0.000000000000000000e+00
7.121110999999999969e+00 4.454778000000000304e+01 0.000000000000000000e+00
1.322937600000000025e+01 3.763160700000000247e+01 0.000000000000000000e+00
8.494999999999999218e+00 4.512916599999999789e+01 0.000000000000000000e+00
1.654934899999999942e+01 4.112084999999999724e+01 0.000000000000000000e+00
1.750451500000000138e+01 4.055314599999999814e+01 0.000000000000000000e+00
1.499301799999999929e+01 3.672819499999999948e+01 0.000000000000000000e+00
1.763036200000000164e+01 4.069221999999999895e+01 0.000000000000000000e+00
1.543867799999999946e+01 4.177340300000000184e+01 1.199951200000000107e+00
1.392019400000000040e+01 3.800016800000000217e+01 0.000000000000000000e+00
8.034399000000000513e+00 4.541769800000000146e+01 0.000000000000000000e+00
1.483341199999999915e+01 3.856125300000000067e+01 0.000000000000000000e+00
1.588606099999999977e+01 4.154145400000000166e+01 0.000000000000000000e+00
8.397778000000000631e+00 4.532305499999999654e+01 0.000000000000000000e+00
1.831330499999999972e+01 4.003444700000000012e+01 0.000000000000000000e+00
1.490807000000000038e+01 3.735049399999999764e+01 0.000000000000000000e+00
1.736284600000000111e+01 4.053414000000000073e+01 0.000000000000000000e+00
1.641556699999999935e+01 4.124750499999999676e+01 0.000000000000000000e+00
1.388912599999999919e+01 3.715572999999999837e+01 0.000000000000000000e+00
1.513090599999999952e+01 3.782448200000000327e+01 0.000000000000000000e+00
8.672221999999999653e+00 4.476805499999999682e+01 0.000000000000000000e+00
1.696794900000000084e+01 4.102218200000000081e+01 0.000000000000000000e+00
1.723355300000000057e+01 4.079064600000000240e+01 0.000000000000000000e+00
1.503464899999999993e+01 3.779035999999999973e+01 0.000000000000000000e+00
1.785190400000000110e+01 4.055848999999999904e+01 0.000000000000000000e+00
7.898875999999999564e+00 4.532634999999999792e+01 0.000000000000000000e+00
1.256815899999999964e+01 3.779356400000000349e+01 0.000000000000000000e+00
1.768814800000000176e+01 4.054855299999999829e+01 0.000000000000000000e+00
7.389999999999999680e+00 4.496249999999999858e+01 0.000000000000000000e+00
1.773382199999999997e+01 4.062939500000000237e+01 0.000000000000000000e+00
1.558693300000000015e+01 4.165442300000000131e+01 5.999756000000000533e-01
1.455954200000000043e+01 3.709614599999999740e+01 0.000000000000000000e+00
1.538297799999999960e+01 4.133653999999999940e+01 1.800003000000000020e+00
1.556129600000000046e+01 3.825851000000000113e+01 0.000000000000000000e+00
7.767222399999999638e+00 4.504138999999999982e+01 0.000000000000000000e+00
1.551622599999999963e+01 4.155848300000000251e+01 1.599975600000000053e+00
1.343891900000000028e+01 3.802679400000000243e+01 0.000000000000000000e+00
1.801364099999999979e+01 4.027408199999999994e+01 0.000000000000000000e+00
1.814010800000000145e+01 4.032683000000000106e+01 0.000000000000000000e+00
8.366111000000000075e+00 4.643750000000000000e+01 0.000000000000000000e+00
1.490101800000000054e+01 3.688098999999999705e+01 0.000000000000000000e+00
1.787555100000000152e+01 4.039061000000000234e+01 0.000000000000000000e+00
1.382562199999999919e+01 3.751364000000000232e+01 0.000000000000000000e+00
1.832262000000000057e+01 3.993036699999999684e+01 0.000000000000000000e+00
1.496716600000000064e+01 3.797998400000000174e+01 0.000000000000000000e+00
1.762135900000000177e+01 4.038202700000000078e+01 0.000000000000000000e+00
1.699624800000000135e+01 4.067572400000000243e+01 0.000000000000000000e+00
1.442461100000000052e+01 3.776293600000000339e+01 0.000000000000000000e+00
1.709208100000000030e+01 4.058301000000000158e+01 0.000000000000000000e+00
6.888888999999999818e+00 4.500972399999999851e+01 0.000000000000000000e+00
1.504696299999999987e+01 3.684223000000000070e+01 0.000000000000000000e+00
7.631209400000000365e+00 4.513412000000000290e+01 0.000000000000000000e+00
1.687892300000000034e+01 4.049463000000000079e+01 0.000000000000000000e+00
1.393886499999999984e+01 4.103502000000000294e+01 0.000000000000000000e+00
1.514111100000000043e+01 3.802465000000000117e+01 0.000000000000000000e+00
1.682075700000000040e+01 4.111710699999999719e+01 0.000000000000000000e+00
1.386904900000000040e+01 4.140516000000000219e+01 2.000122000000000011e-01
1.734105500000000077e+01 4.075744600000000162e+01 0.000000000000000000e+00
1.478083299999999944e+01 4.091166700000000134e+01 4.000000000000000000e+00
1.451333299999999937e+01 4.133722300000000160e+01 2.200073199999999840e+00
1.566297299999999915e+01 4.114271999999999707e+01 5.199951000000000434e+00
1.509436900000000037e+01 3.668057300000000254e+01 0.000000000000000000e+00
1.316578299999999935e+01 4.288621499999999997e+01 0.000000000000000000e+00
1.500361200000000039e+01 4.097472400000000192e+01 6.400024400000000391e+00
1.472777750000000019e+01 4.099110999999999905e+01 4.400024400000000391e+00
1.656737100000000140e+01 4.095749699999999649e+01 0.000000000000000000e+00
1.459777700000000067e+01 4.095944599999999980e+01 2.400024399999999947e+00
1.487095500000000037e+01 3.706036799999999687e+01 0.000000000000000000e+00
1.772479600000000133e+01 4.045958999999999861e+01 0.000000000000000000e+00
1.526635600000000004e+01 4.184758800000000178e+01 1.400024399999999947e+00
1.384722200000000036e+01 4.144055600000000084e+01 0.000000000000000000e+00
1.332759300000000025e+01 3.812980000000000302e+01 0.000000000000000000e+00
1.674888800000000089e+01 3.914194499999999977e+01 0.000000000000000000e+00
1.660666700000000162e+01 3.999110999999999905e+01 0.000000000000000000e+00
1.195439700000000016e+01 3.679142999999999830e+01 0.000000000000000000e+00
1.498368199999999995e+01 4.158852799999999661e+01 3.199997000000000202e+00
1.546013400000000004e+01 4.115028000000000219e+01 2.699981699999999929e+00
1.694027699999999825e+01 3.950444399999999945e+01 0.000000000000000000e+00
1.309399499999999961e+01 3.806553300000000206e+01 0.000000000000000000e+00
1.697550000000000026e+01 4.057840300000000155e+01 0.000000000000000000e+00
1.685638799999999904e+01 3.893777999999999651e+01 0.000000000000000000e+00
1.652111000000000018e+01 3.958694500000000005e+01 0.000000000000000000e+00
1.684361499999999978e+01 4.055664000000000158e+01 0.000000000000000000e+00
1.661416600000000088e+01 3.944972200000000129e+01 0.000000000000000000e+00
1.697805599999999870e+01 3.929055400000000020e+01 0.000000000000000000e+00
1.485525400000000040e+01 3.751476699999999909e+01 0.000000000000000000e+00
1.419749999999999979e+01 4.085527799999999843e+01 1.399993899999999902e+00
1.210166599999999981e+01 4.242360999999999649e+01 0.000000000000000000e+00
1.401079200000000036e+01 3.763215600000000194e+01 0.000000000000000000e+00
1.797644599999999926e+01 4.017155000000000342e+01 0.000000000000000000e+00
1.797644599999999926e+01 4.017155000000000342e+01 0.000000000000000000e+00
1.536404800000000037e+01 4.147062700000000035e+01 2.599975600000000053e+00
1.294333400000000012e+01 4.629833200000000204e+01 0.000000000000000000e+00
1.428935000000000066e+01 3.797263699999999886e+01 0.000000000000000000e+00
1.575676999999999950e+01 4.140912600000000054e+01 1.400024399999999947e+00
1.528288200000000074e+01 4.134790999999999883e+01 2.199951200000000107e+00
1.437894599999999912e+01 3.731562399999999968e+01 0.000000000000000000e+00
1.592945600000000006e+01 4.147104300000000165e+01 0.000000000000000000e+00
1.584827300000000072e+01 4.139376000000000033e+01 3.999023400000000228e-01
1.121470000000000056e+01 4.570199199999999706e+01 0.000000000000000000e+00
1.560719699999999932e+01 4.142178299999999780e+01 0.000000000000000000e+00
1.593246599999999980e+01 4.119425199999999876e+01 2.000732400000000133e-01
1.399502999999999986e+01 3.782348999999999961e+01 0.000000000000000000e+00
1.478138900000000078e+01 4.081833300000000264e+01 3.199951200000000107e+00
1.570654200000000067e+01 4.165209000000000117e+01 4.000244000000000022e-01
1.585984900000000053e+01 4.183276000000000039e+01 0.000000000000000000e+00
1.519328600000000051e+01 4.146206300000000056e+01 2.400024399999999947e+00
1.193194500000000069e+01 4.238971999999999696e+01 3.984375000000000000e-01
1.342117700000000013e+01 3.768724999999999881e+01 0.000000000000000000e+00
1.514827400000000068e+01 4.171493000000000251e+01 2.000000000000000000e+00
1.540308300000000052e+01 4.162400999999999840e+01 7.999267599999999589e-01
1.587486499999999978e+01 4.192278000000000304e+01 2.000122000000000011e-01
1.607730700000000112e+01 4.128432000000000102e+01 0.000000000000000000e+00
1.467588600000000021e+01 3.695388400000000217e+01 0.000000000000000000e+00
1.575704499999999975e+01 4.169330599999999976e+01 2.000122000000000011e-01
1.559207699999999974e+01 4.152116999999999791e+01 1.400024399999999947e+00
1.259305600000000069e+01 4.194888999999999868e+01 0.000000000000000000e+00
1.608068799999999854e+01 4.190178300000000178e+01 0.000000000000000000e+00
1.463354999999999961e+01 3.748101799999999884e+01 0.000000000000000000e+00
1.618591299999999933e+01 4.113299599999999856e+01 0.000000000000000000e+00
1.604985599999999835e+01 4.122155999999999665e+01 0.000000000000000000e+00
1.659141699999999986e+01 4.080613300000000265e+01 0.000000000000000000e+00
1.497775000000000034e+01 3.788973200000000219e+01 0.000000000000000000e+00
1.677593800000000002e+01 4.078629999999999711e+01 0.000000000000000000e+00
1.678874199999999917e+01 4.091913199999999762e+01 0.000000000000000000e+00
1.694742199999999954e+01 4.092152800000000212e+01 0.000000000000000000e+00
1.427414899999999953e+01 4.134937000000000040e+01 4.000244000000000022e-01
1.326657900000000012e+01 3.743879299999999688e+01 0.000000000000000000e+00
1.690659300000000087e+01 4.102362000000000108e+01 0.000000000000000000e+00
1.716442899999999838e+01 4.081228000000000122e+01 0.000000000000000000e+00
1.422805600000000048e+01 4.054972000000000065e+01 3.200012200000000195e+00
1.710685000000000144e+01 4.071574999999999989e+01 0.000000000000000000e+00
1.749768600000000163e+01 4.062406000000000006e+01 0.000000000000000000e+00
1.408742900000000020e+01 3.727456300000000056e+01 0.000000000000000000e+00
1.736430199999999857e+01 4.086039000000000243e+01 0.000000000000000000e+00
1.732253800000000155e+01 4.045767599999999931e+01 0.000000000000000000e+00
1.727795599999999965e+01 4.063479999999999848e+01 0.000000000000000000e+00
1.519834200000000024e+01 3.768512700000000137e+01 0.000000000000000000e+00
1.829934300000000036e+01 4.022556999999999761e+01 0.000000000000000000e+00
1.136976199999999970e+01 4.559010700000000327e+01 0.000000000000000000e+00
1.815258400000000094e+01 3.998093399999999775e+01 0.000000000000000000e+00
1.270722499999999933e+01 3.780130400000000179e+01 0.000000000000000000e+00
1.210638900000000007e+01 4.271611000000000047e+01 0.000000000000000000e+00
7.958889000000000102e+00 4.569222299999999848e+01 0.000000000000000000e+00
1.535947099999999921e+01 3.812364000000000175e+01 0.000000000000000000e+00
1.452885000000000026e+01 3.683255799999999880e+01 0.000000000000000000e+00
1.032916600000000074e+01 4.458055499999999682e+01 0.000000000000000000e+00
1.303970799999999919e+01 3.759192999999999785e+01 0.000000000000000000e+00
1.301694499999999977e+01 4.128805499999999995e+01 0.000000000000000000e+00
1.385005699999999962e+01 3.770600999999999914e+01 0.000000000000000000e+00
7.265833399999999997e+00 4.464999999999999858e+01 0.000000000000000000e+00
1.291499999999999915e+01 4.228805499999999995e+01 0.000000000000000000e+00
1.515758600000000023e+01 3.705998199999999798e+01 0.000000000000000000e+00
1.202802499999999952e+01 4.652017000000000024e+01 7.999992400000000004e-01
1.361145699999999970e+01 3.797136700000000076e+01 0.000000000000000000e+00
1.497472199999999987e+01 4.060361000000000331e+01 3.000000000000000000e+00
1.535226199999999963e+01 3.818905000000000172e+01 0.000000000000000000e+00
1.255266899999999985e+01 3.794185000000000230e+01 0.000000000000000000e+00
1.306416699999999942e+01 4.622999999999999687e+01 0.000000000000000000e+00
1.266141299999999958e+01 3.794707499999999811e+01 0.000000000000000000e+00
1.680199999999999960e+01 4.062183399999999978e+01 0.000000000000000000e+00
1.703249999999999886e+01 4.066916700000000162e+01 0.000000000000000000e+00
1.162519999999999953e+01 4.289009999999999678e+01 0.000000000000000000e+00
1.088057899999999911e+01 4.320423499999999706e+01 1.999999899999999886e-01
1.191499999999999915e+01 4.215250000000000341e+01 0.000000000000000000e+00
8.405556000000000694e+00 4.606110999999999933e+01 0.000000000000000000e+00
9.569663999999999504e+00 4.471211000000000269e+01 0.000000000000000000e+00
1.042638900000000035e+01 4.430277600000000149e+01 0.000000000000000000e+00
1.060964000000000063e+01 4.411811000000000149e+01 0.000000000000000000e+00
1.138933199999999957e+01 4.404738199999999892e+01 5.999999599999999988e-01
1.338055499999999931e+01 4.623389000000000237e+01 0.000000000000000000e+00
8.248055000000000803e+00 4.556000000000000227e+01 0.000000000000000000e+00
1.190647000000000055e+01 4.357918999999999699e+01 1.059999900000000039e+01
1.209222199999999958e+01 4.377583299999999866e+01 0.000000000000000000e+00
1.507222200000000001e+01 4.083055499999999682e+01 6.700073200000000284e+00
1.117806000000000033e+01 4.313924999999999699e+01 0.000000000000000000e+00
1.379801499999999947e+01 4.250010300000000285e+01 0.000000000000000000e+00
1.166666700000000034e+01 4.288277999999999679e+01 1.400390599999999930e+00
1.061317000000000021e+01 4.393346999999999980e+01 3.999999799999999772e-01
1.720403299999999902e+01 4.056488399999999928e+01 0.000000000000000000e+00
1.522638899999999929e+01 4.081360999999999706e+01 4.799987999999999921e+00
1.728216700000000117e+01 4.052600000000000335e+01 0.000000000000000000e+00
1.139642000000000088e+01 4.365467000000000297e+01 1.199999899999999897e+00
1.058944400000000030e+01 4.419944399999999973e+01 0.000000000000000000e+00
1.524852399999999975e+01 4.067812700000000348e+01 2.000000000000000000e+00
1.733838300000000032e+01 4.056280000000000285e+01 0.000000000000000000e+00
1.059283300000000061e+01 4.390601300000000151e+01 0.000000000000000000e+00
1.240789000000000009e+01 4.619073000000000206e+01 4.200000300000000131e+00
1.125666700000000020e+01 4.422861000000000331e+01 0.000000000000000000e+00
1.053686000000000078e+01 4.309826000000000334e+01 0.000000000000000000e+00
1.025916699999999970e+01 4.459916700000000134e+01 2.001953099999999874e-01
1.155579400000000057e+01 4.285448000000000235e+01 0.000000000000000000e+00
1.064068499999999950e+01 4.299347300000000160e+01 0.000000000000000000e+00
1.128500000000000014e+01 4.448444400000000343e+01 0.000000000000000000e+00
1.337455800000000039e+01 4.235661999999999949e+01 0.000000000000000000e+00
1.591222199999999987e+01 4.052166700000000077e+01 0.000000000000000000e+00
1.556972200000000051e+01 4.054249999999999687e+01 0.000000000000000000e+00
1.010555599999999998e+01 4.436333499999999930e+01 2.000000000000000000e+00
1.613833400000000040e+01 4.061889000000000038e+01 0.000000000000000000e+00
1.503085500000000074e+01 4.053829199999999844e+01 4.000000000000000000e+00
1.633055500000000038e+01 4.055610999999999677e+01 0.000000000000000000e+00
1.605055600000000027e+01 3.993999999999999773e+01 0.000000000000000000e+00
1.591527750000000019e+01 4.066944500000000318e+01 0.000000000000000000e+00
1.609944499999999934e+01 4.037610999999999706e+01 0.000000000000000000e+00
1.386250000000000071e+01 4.233397300000000030e+01 0.000000000000000000e+00
1.411185200000000073e+01 4.234182700000000210e+01 0.000000000000000000e+00
9.632500000000000284e+00 4.450555399999999651e+01 0.000000000000000000e+00
1.231830099999999995e+01 4.612986999999999682e+01 4.599853500000000039e+00
1.395472200000000029e+01 4.217472000000000065e+01 0.000000000000000000e+00
1.253899299999999961e+01 4.578571999999999775e+01 0.000000000000000000e+00
1.366764700000000055e+01 4.277333000000000141e+01 0.000000000000000000e+00
1.399826700000000024e+01 4.257253599999999949e+01 0.000000000000000000e+00
1.436102499999999971e+01 4.212340499999999821e+01 0.000000000000000000e+00
1.192027599999999943e+01 4.566983799999999860e+01 0.000000000000000000e+00
1.375779799999999931e+01 3.762977999999999668e+01 0.000000000000000000e+00
1.450416700000000070e+01 4.116111000000000075e+01 1.599975600000000053e+00
1.421283999999999992e+01 3.729666000000000281e+01 0.000000000000000000e+00
1.472555350000000018e+01 3.731877000000000066e+01 0.000000000000000000e+00
1.216944400000000037e+01 4.210166499999999701e+01 0.000000000000000000e+00
8.176389000000000351e+00 4.612360999999999933e+01 1.992187500000000000e-01
1.504852200000000018e+01 3.764264000000000010e+01 0.000000000000000000e+00
1.301472200000000079e+01 4.657083500000000242e+01 2.000000000000000000e+00
1.371729799999999955e+01 4.265478999999999843e+01 0.000000000000000000e+00
1.478568800000000039e+01 3.810552599999999757e+01 0.000000000000000000e+00
1.077194399999999952e+01 4.422555499999999995e+01 0.000000000000000000e+00
1.139176199999999994e+01 4.549217999999999762e+01 0.000000000000000000e+00
1.056944499999999998e+01 4.434832999999999714e+01 0.000000000000000000e+00
1.501874100000000034e+01 3.813940399999999897e+01 0.000000000000000000e+00
6.878333600000000381e+00 4.495333500000000271e+01 0.000000000000000000e+00
1.310060400000000058e+01 3.790332800000000191e+01 0.000000000000000000e+00
1.543585700000000038e+01 4.054924400000000162e+01 2.400024399999999947e+00
1.325914599999999943e+01 3.802478800000000092e+01 0.000000000000000000e+00
1.247444400000000009e+01 4.189805599999999686e+01 0.000000000000000000e+00
1.351813899999999968e+01 4.241963599999999701e+01 0.000000000000000000e+00
1.419419800000000009e+01 3.781620800000000315e+01 0.000000000000000000e+00
1.001472200000000079e+01 4.440583399999999870e+01 1.601562500000000000e+00
1.467598300000000044e+01 3.675956000000000046e+01 0.000000000000000000e+00
1.232014999999999993e+01 4.380088400000000348e+01 0.000000000000000000e+00
1.514256699999999967e+01 3.724862300000000204e+01 0.000000000000000000e+00
7.901666600000000429e+00 4.587389000000000294e+01 2.800781199999999860e+00
1.287996300000000005e+01 3.785459000000000174e+01 0.000000000000000000e+00
1.587138799999999961e+01 3.825860999999999734e+01 0.000000000000000000e+00
1.607805600000000013e+01 3.914999999999999858e+01 0.000000000000000000e+00
1.526019900000000007e+01 3.797737500000000210e+01 0.000000000000000000e+00
1.611749999999999972e+01 3.974499999999999744e+01 0.000000000000000000e+00
1.653999999999999915e+01 3.916333399999999898e+01 0.000000000000000000e+00
1.621277800000000013e+01 3.855805600000000055e+01 0.000000000000000000e+00
1.583249999999999957e+01 3.861916699999999736e+01 0.000000000000000000e+00
9.103360000000000340e+00 4.451715000000000089e+01 0.000000000000000000e+00
1.640555600000000069e+01 3.916361200000000053e+01 0.000000000000000000e+00
1.561974999999999980e+01 4.154783199999999965e+01 1.000000000000000000e+00
1.572499999999999964e+01 4.040500000000000114e+01 0.000000000000000000e+00
1.103583300000000023e+01 4.426111199999999712e+01 0.000000000000000000e+00
1.139777800000000063e+01 4.405694600000000349e+01 5.996093999999999591e-01
1.113416699999999970e+01 4.443555500000000080e+01 0.000000000000000000e+00
1.162151049999999941e+01 4.422102699999999942e+01 0.000000000000000000e+00
1.157834899999999934e+01 4.427517000000000280e+01 0.000000000000000000e+00
1.264386700000000019e+01 4.354679999999999751e+01 0.000000000000000000e+00
1.029964000000000013e+01 4.354619000000000284e+01 0.000000000000000000e+00
1.248646600000000007e+01 4.354828299999999786e+01 9.360000499999999723e-01
1.118232000000000070e+01 4.377429999999999666e+01 1.999999899999999886e-01
1.144753000000000043e+01 4.387686000000000064e+01 1.599999900000000030e+00
1.262183399999999978e+01 4.351530000000000342e+01 0.000000000000000000e+00
1.089775000000000027e+01 4.401330999999999705e+01 0.000000000000000000e+00
1.247444400000000009e+01 4.188110999999999962e+01 0.000000000000000000e+00
1.161777999999999977e+01 4.394832999999999856e+01 7.999999500000000152e-01
8.027030999999999139e+00 4.470555999999999841e+01 0.000000000000000000e+00
1.116705999999999932e+01 4.286916999999999689e+01 0.000000000000000000e+00
1.122265999999999941e+01 4.300142999999999915e+01 1.999999899999999886e-01
1.056490999999999936e+01 4.347232000000000340e+01 0.000000000000000000e+00
1.057282999999999973e+01 4.341042000000000201e+01 0.000000000000000000e+00
1.154382999999999981e+01 4.317436000000000007e+01 0.000000000000000000e+00
1.134609999999999985e+01 4.343623000000000189e+01 3.999999799999999772e-01
1.076539999999999964e+01 4.293310000000000315e+01 0.000000000000000000e+00
1.026915999999999940e+01 4.278220999999999918e+01 0.000000000000000000e+00
1.090670000000000073e+01 4.235837999999999681e+01 0.000000000000000000e+00
1.029110000000000014e+01 4.233250000000000313e+01 0.000000000000000000e+00
1.179369999999999941e+01 4.311272999999999911e+01 0.000000000000000000e+00
1.128843999999999959e+01 4.347312000000000154e+01 3.999999799999999772e-01
1.107114999999999938e+01 4.329137999999999664e+01 3.399999999999999911e+00
1.169525999999999932e+01 4.326259000000000299e+01 0.000000000000000000e+00
1.165296999999999983e+01 4.361919000000000324e+01 2.080000000000000071e+01
9.968780499999999378e+00 4.425042299999999784e+01 8.500000000000000000e+00
1.138970699999999958e+01 4.398621399999999682e+01 6.990000000000000213e+00
1.036011399999999938e+01 4.279574600000000117e+01 0.000000000000000000e+00
1.158248500000000014e+01 4.302728299999999706e+01 0.000000000000000000e+00
1.161770699999999934e+01 4.296079300000000245e+01 0.000000000000000000e+00
1.184442699999999959e+01 4.308508700000000147e+01 0.000000000000000000e+00
1.035987199999999930e+01 4.420035599999999931e+01 1.999999899999999886e-01
9.892571000000000225e+00 4.436957000000000306e+01 6.500000000000000000e+00
1.327555599999999991e+01 4.581889000000000323e+01 0.000000000000000000e+00
1.170131399999999999e+01 4.383163499999999857e+01 7.999999500000000152e-01
1.210194899999999940e+01 4.367395400000000194e+01 0.000000000000000000e+00
1.142319900000000032e+01 4.336972999999999701e+01 1.458999900000000061e+01
1.172421800000000047e+01 4.356952700000000078e+01 1.119999999999999929e+01
1.121972200000000086e+01 4.448555400000000049e+01 0.000000000000000000e+00
1.174357799999999941e+01 4.353379999999999939e+01 1.179999899999999968e+01
6.915277999999999814e+00 4.568333400000000211e+01 0.000000000000000000e+00
1.092228099999999991e+01 4.312167000000000172e+01 0.000000000000000000e+00
1.143880700000000061e+01 4.309179999999999922e+01 0.000000000000000000e+00
1.325416700000000070e+01 4.128805499999999995e+01 0.000000000000000000e+00
1.171275400000000033e+01 4.434532500000000255e+01 0.000000000000000000e+00
1.117990200000000023e+01 4.320850399999999780e+01 1.000000000000000000e+00
1.463416699999999970e+01 4.189611000000000018e+01 0.000000000000000000e+00
1.262694499999999920e+01 4.186416599999999733e+01 0.000000000000000000e+00
1.166162300000000052e+01 4.288310200000000094e+01 5.999999599999999988e-01
1.466111100000000000e+01 4.153916499999999701e+01 1.000000000000000000e+00
1.019108199999999975e+01 4.277479000000000298e+01 0.000000000000000000e+00
9.200276999999999816e+00 4.467722299999999791e+01 0.000000000000000000e+00
1.120263199999999948e+01 4.243444999999999823e+01 0.000000000000000000e+00
1.040055599999999991e+01 4.442833300000000207e+01 0.000000000000000000e+00
1.010336999999999996e+01 4.409105999999999881e+01 4.889999999999999680e+00
1.308472249999999981e+01 4.193194600000000349e+01 0.000000000000000000e+00
8.332221999999999795e+00 4.622222000000000008e+01 0.000000000000000000e+00
1.391502799999999951e+01 4.244010999999999711e+01 0.000000000000000000e+00
1.445448599999999928e+01 4.186963699999999733e+01 0.000000000000000000e+00
1.110305600000000048e+01 4.619389000000000323e+01 0.000000000000000000e+00
1.148000000000000043e+01 4.628444300000000311e+01 1.799987800000000027e+00
1.476555500000000087e+01 4.078582999999999714e+01 2.799987799999999805e+00
1.166666700000000034e+01 4.639333299999999838e+01 1.800018300000000071e+00
1.160807199999999995e+01 4.488829400000000192e+01 0.000000000000000000e+00
1.091361099999999951e+01 4.634916700000000134e+01 8.000030500000000488e-01
1.130916700000000041e+01 4.604222000000000037e+01 1.599990800000000046e+00
1.147166600000000081e+01 4.607361199999999712e+01 1.000000000000000000e+00
1.131833400000000012e+01 4.600305600000000084e+01 1.600006100000000098e+00
1.146000000000000085e+01 4.605416499999999758e+01 5.999908400000000253e-01
1.164472199999999980e+01 4.600444399999999945e+01 0.000000000000000000e+00
1.183000000000000007e+01 4.617416800000000165e+01 2.000045799999999874e-01
1.215249999999999986e+01 4.259305599999999714e+01 0.000000000000000000e+00
1.076166599999999995e+01 4.631166999999999945e+01 3.999939000000000133e-01
1.474000000000000021e+01 4.067750000000000199e+01 4.000000000000000000e+00
1.433605499999999999e+01 4.132947500000000218e+01 1.200012199999999973e+00
1.117138899999999957e+01 4.586778000000000333e+01 0.000000000000000000e+00
9.018240000000000478e+00 4.458458000000000254e+01 0.000000000000000000e+00
1.110083299999999973e+01 4.579500000000000171e+01 0.000000000000000000e+00
1.102194399999999952e+01 4.588139000000000323e+01 0.000000000000000000e+00
1.095694400000000002e+01 4.573528000000000304e+01 1.999969500000000067e-01
1.073944499999999991e+01 4.610222199999999759e+01 6.000022999999999884e-01
1.075000000000000000e+01 4.604277799999999843e+01 0.000000000000000000e+00
1.094694400000000023e+01 4.603333299999999895e+01 1.999969500000000067e-01
1.174472199999999944e+01 4.616082999999999714e+01 1.999969500000000067e-01
1.446583399999999919e+01 4.084250000000000114e+01 2.599975600000000053e+00
1.084388900000000078e+01 4.588360999999999734e+01 0.000000000000000000e+00
1.273861100000000057e+01 4.275500000000000256e+01 0.000000000000000000e+00
1.180777699999999975e+01 4.650027999999999651e+01 1.000000000000000000e+00
9.731389000000000067e+00 4.463000000000000256e+01 0.000000000000000000e+00
1.174444500000000069e+01 4.647472400000000192e+01 1.000000000000000000e+00
1.173305500000000023e+01 4.643388699999999858e+01 1.200195300000000076e+00
1.150305600000000084e+01 4.624222000000000321e+01 0.000000000000000000e+00
1.133888900000000000e+01 4.626027700000000209e+01 0.000000000000000000e+00
1.140472199999999958e+01 4.604833200000000204e+01 8.007812500000000000e-01
1.177833399999999919e+01 4.624110999999999905e+01 1.000000000000000000e+00
1.082694399999999924e+01 4.627499999999999858e+01 1.601562500000000000e+00
1.101388900000000071e+01 4.632055700000000087e+01 1.800781200000000082e+00
1.461555599999999977e+01 4.085861200000000082e+01 3.200012200000000195e+00
1.167888899999999985e+01 4.619722399999999851e+01 1.199218799999999918e+00
1.111444499999999991e+01 4.590027599999999808e+01 2.011718799999999974e-01
1.057277799999999957e+01 4.586139000000000010e+01 4.003906199999999749e-01
1.054555500000000023e+01 4.581722299999999848e+01 4.003906199999999749e-01
1.243991800000000048e+01 4.583694500000000005e+01 0.000000000000000000e+00
1.179638899999999957e+01 4.208471999999999724e+01 0.000000000000000000e+00
1.111861099999999958e+01 4.613805399999999679e+01 4.003906199999999749e-01
1.014027800000000035e+01 4.434166700000000105e+01 7.988281000000000409e-01
1.368665999999999983e+01 4.649586999999999648e+01 8.000002000000000502e-01
1.462722199999999972e+01 4.076333199999999835e+01 2.600036600000000142e+00
1.435722299999999940e+01 4.117805500000000052e+01 1.400024399999999947e+00
1.254279999999999973e+01 4.260810000000000031e+01 0.000000000000000000e+00
1.275750900000000065e+01 4.585506399999999871e+01 0.000000000000000000e+00
1.405902200000000057e+01 4.188819000000000159e+01 1.000000000000000000e+00
1.340477300000000049e+01 4.576601999999999748e+01 0.000000000000000000e+00
1.301216600000000057e+01 4.652796599999999927e+01 0.000000000000000000e+00
1.189466099999999926e+01 4.578576699999999988e+01 0.000000000000000000e+00
1.418310999999999922e+01 4.237698999999999927e+01 0.000000000000000000e+00
1.225041700000000056e+01 4.644743299999999664e+01 1.199218799999999918e+00
1.224555499999999952e+01 4.644219999999999970e+01 1.400024399999999947e+00
1.122944449999999961e+01 4.678222300000000189e+01 1.800000100000000103e+00
1.203899700000000017e+01 4.277277999999999736e+01 0.000000000000000000e+00
1.194749999999999979e+01 4.690027599999999808e+01 3.700000000000000178e+00
1.339583299999999966e+01 4.633694500000000005e+01 0.000000000000000000e+00
1.189777800000000063e+01 4.667916499999999758e+01 4.000000000000000222e-01
1.524416599999999988e+01 4.083250000000000313e+01 3.099975600000000053e+00
1.439583299999999966e+01 4.121277599999999808e+01 1.400024399999999947e+00
1.176833300000000015e+01 4.654555500000000023e+01 1.400000099999999970e+00
1.483528399999999969e+01 4.114943999999999846e+01 3.800048799999999893e+00
1.150611100000000064e+01 4.651333199999999835e+01 0.000000000000000000e+00
9.027499999999999858e+00 4.480444299999999913e+01 0.000000000000000000e+00
1.352805500000000016e+01 4.618860999999999706e+01 0.000000000000000000e+00
1.242593699999999934e+01 4.655625500000000017e+01 4.000000000000000222e-01
1.342869100000000060e+01 4.233413300000000135e+01 0.000000000000000000e+00
1.225007100000000015e+01 4.657641199999999770e+01 1.800000100000000103e+00
1.089388800000000046e+01 4.413389000000000095e+01 0.000000000000000000e+00
1.242397099999999988e+01 4.665215299999999843e+01 2.600000099999999925e+00
1.235657800000000073e+01 4.639415000000000333e+01 3.000000200000000117e+00
1.462416649999999940e+01 4.100833500000000242e+01 3.000000000000000000e+00
1.233234099999999955e+01 4.641544300000000334e+01 1.400000099999999970e+00
1.230760399999999954e+01 4.598539000000000243e+01 2.399999999999999911e+00
1.097738299999999967e+01 4.415404500000000354e+01 0.000000000000000000e+00
1.147037100000000009e+01 4.547207600000000127e+01 0.000000000000000000e+00
1.500527800000000056e+01 4.091222400000000192e+01 4.400024400000000391e+00
1.470166700000000048e+01 4.081694399999999945e+01 3.000000000000000000e+00
1.174555600000000055e+01 4.225416599999999789e+01 0.000000000000000000e+00
1.245749999999999957e+01 4.235583499999999901e+01 0.000000000000000000e+00
1.449843199999999932e+01 4.123504599999999698e+01 2.000000000000000000e+00
1.005833299999999930e+01 4.447778000000000276e+01 1.000000000000000000e+00
1.471027800000000063e+01 4.182916600000000074e+01 0.000000000000000000e+00
7.423888700000000007e+00 4.543805700000000058e+01 0.000000000000000000e+00
1.254222200000000065e+01 4.160999999999999943e+01 0.000000000000000000e+00
1.533611100000000071e+01 4.057972300000000132e+01 7.999878000000000267e-01
1.213194499999999998e+01 4.379055400000000020e+01 0.000000000000000000e+00
1.214213900000000024e+01 4.272426000000000101e+01 0.000000000000000000e+00
1.017305600000000076e+01 4.442666599999999733e+01 4.003906199999999749e-01
1.053645000000000032e+01 4.491208600000000217e+01 0.000000000000000000e+00
1.155281100000000016e+01 4.588022200000000339e+01 2.000122000000000011e-01
1.472916700000000034e+01 4.091777799999999843e+01 3.599975600000000053e+00
7.806944399999999895e+00 4.551389000000000351e+01 0.000000000000000000e+00
1.464944500000000005e+01 4.086388800000000288e+01 2.800048799999999893e+00
1.472166600000000081e+01 4.088250000000000028e+01 3.600097700000000067e+00
1.143361100000000086e+01 4.424555600000000055e+01 0.000000000000000000e+00
1.421055600000000041e+01 4.127166700000000077e+01 7.999878000000000267e-01
8.173056000000000765e+00 4.547778000000000276e+01 0.000000000000000000e+00
1.309944400000000009e+01 4.278861200000000053e+01 0.000000000000000000e+00
1.379883099999999985e+01 4.208236000000000132e+01 0.000000000000000000e+00
7.833611000000000324e+00 4.492305400000000049e+01 0.000000000000000000e+00
1.065395900000000040e+01 4.384285700000000219e+01 1.999999899999999886e-01
1.277472200000000058e+01 4.657500000000000284e+01 2.599990800000000046e+00
7.915277999999999814e+00 4.485278000000000276e+01 0.000000000000000000e+00
1.114719999999999978e+01 4.396482999999999919e+01 0.000000000000000000e+00
1.364083300000000065e+01 4.615777599999999836e+01 0.000000000000000000e+00
7.575277999999999956e+00 4.555555700000000030e+01 0.000000000000000000e+00
1.277305600000000041e+01 4.650972399999999851e+01 4.000244000000000022e-01
1.024033999999999978e+01 4.387183999999999884e+01 0.000000000000000000e+00
1.838354999999999961e+01 4.008433000000000135e+01 0.000000000000000000e+00
1.052313400000000065e+01 4.440934800000000138e+01 0.000000000000000000e+00
1.366455099999999945e+01 4.202910599999999874e+01 0.000000000000000000e+00
1.337274999999999991e+01 4.209660999999999831e+01 0.000000000000000000e+00
1.418244400000000027e+01 4.204105799999999959e+01 0.000000000000000000e+00
1.250833300000000037e+01 4.194888999999999868e+01 0.000000000000000000e+00
1.399986099999999922e+01 4.205086000000000013e+01 0.000000000000000000e+00
1.471227700000000027e+01 4.067072300000000240e+01 3.600036600000000142e+00
1.122345400000000026e+01 4.422701299999999947e+01 0.000000000000000000e+00
1.459083399999999919e+01 4.063828000000000173e+01 3.200073199999999840e+00
1.530508299999999977e+01 4.029388800000000259e+01 0.000000000000000000e+00
1.566991699999999987e+01 4.016732999999999976e+01 0.000000000000000000e+00
1.516913899999999948e+01 4.021636199999999661e+01 0.000000000000000000e+00
1.092416700000000063e+01 4.435611000000000104e+01 0.000000000000000000e+00
1.468844400000000050e+01 4.069272200000000339e+01 3.799926800000000160e+00
1.530000000000000071e+01 4.019852999999999810e+01 0.000000000000000000e+00
1.400970000000000049e+01 4.215690000000000026e+01 0.000000000000000000e+00
1.469405599999999978e+01 4.065544500000000028e+01 3.400024399999999947e+00
1.542838899999999924e+01 4.043833000000000055e+01 0.000000000000000000e+00
1.470625000000000071e+01 4.067841700000000316e+01 4.000000000000000000e+00
1.533772199999999941e+01 4.036086300000000193e+01 0.000000000000000000e+00
1.515158399999999972e+01 4.032124999999999915e+01 0.000000000000000000e+00
1.461163900000000027e+01 4.067535999999999774e+01 2.800048799999999893e+00
1.544261099999999942e+01 4.011500000000000199e+01 0.000000000000000000e+00
1.541286099999999948e+01 4.024711200000000133e+01 0.000000000000000000e+00
1.172922600000000060e+01 4.584011000000000280e+01 0.000000000000000000e+00
1.565230599999999939e+01 4.007441699999999685e+01 0.000000000000000000e+00
1.460338899999999995e+01 4.066047300000000320e+01 3.000000000000000000e+00
1.558391699999999958e+01 4.035835999999999757e+01 0.000000000000000000e+00
1.462033399999999972e+01 4.071902999999999651e+01 3.000000000000000000e+00
1.220333300000000065e+01 4.242360999999999649e+01 0.000000000000000000e+00
1.266083300000000023e+01 4.242360999999999649e+01 0.000000000000000000e+00
1.127983599999999953e+01 4.447419399999999712e+01 0.000000000000000000e+00
1.220333300000000065e+01 4.257610999999999990e+01 1.000000000000000000e+00
7.177777999999999992e+00 4.439861299999999744e+01 0.000000000000000000e+00
1.316944400000000037e+01 4.160999999999999943e+01 0.000000000000000000e+00
1.310166599999999981e+01 4.193194600000000349e+01 0.000000000000000000e+00
1.372861100000000079e+01 4.176250000000000284e+01 0.000000000000000000e+00
1.290298400000000001e+01 4.595557399999999859e+01 0.000000000000000000e+00
1.208472249999999981e+01 4.232194499999999948e+01 0.000000000000000000e+00
1.156499999999999950e+01 4.259361299999999773e+01 0.000000000000000000e+00
1.226381300000000074e+01 4.270712699999999984e+01 0.000000000000000000e+00
1.469482099999999924e+01 3.793128600000000006e+01 0.000000000000000000e+00
1.024200500000000069e+01 4.645882000000000289e+01 2.000000000000000111e-01
1.031682200000000016e+01 4.651444599999999951e+01 0.000000000000000000e+00
7.492778000000000382e+00 4.528861200000000053e+01 0.000000000000000000e+00
1.049465900000000040e+01 4.641214800000000196e+01 0.000000000000000000e+00
8.050278000000000489e+00 4.591250000000000142e+01 2.400390600000000152e+00
9.450791000000000608e+00 4.596629999999999683e+01 0.000000000000000000e+00
9.465965999999999880e+00 4.580098999999999876e+01 0.000000000000000000e+00
9.458130000000000592e+00 4.616725499999999727e+01 0.000000000000000000e+00
9.419867999999999242e+00 4.605189500000000180e+01 0.000000000000000000e+00
9.413940000000000197e+00 4.629260599999999926e+01 0.000000000000000000e+00
1.360280700000000031e+01 4.264741500000000229e+01 0.000000000000000000e+00
1.288111100000000064e+01 4.240666600000000130e+01 0.000000000000000000e+00
9.305393999999999721e+00 4.606896199999999908e+01 0.000000000000000000e+00
1.159305600000000069e+01 4.235583499999999901e+01 0.000000000000000000e+00
1.050610700000000008e+01 4.551828400000000130e+01 0.000000000000000000e+00
1.466861199999999954e+01 4.101027700000000209e+01 3.800048799999999893e+00
7.668055500000000357e+00 4.528388999999999953e+01 0.000000000000000000e+00
8.892594000000000776e+00 4.589770000000000039e+01 0.000000000000000000e+00
1.387540399999999963e+01 4.269801999999999964e+01 0.000000000000000000e+00
1.036602300000000021e+01 4.645369699999999824e+01 4.000000000000000222e-01
9.584336000000000411e+00 4.613662699999999717e+01 0.000000000000000000e+00
1.018228099999999969e+01 4.621816599999999653e+01 8.000000000000000444e-01
1.108750000000000036e+01 4.434444400000000286e+01 0.000000000000000000e+00
1.041505899999999940e+01 4.499603700000000117e+01 0.000000000000000000e+00
9.177768999999999622e+00 4.568488299999999924e+01 0.000000000000000000e+00
9.205439999999999401e+00 4.453634999999999877e+01 5.999999999999999778e-01
1.223722300000000018e+01 4.188110999999999962e+01 0.000000000000000000e+00
9.047689999999999344e+00 4.451561000000000234e+01 0.000000000000000000e+00
9.801958000000000837e+00 4.559315000000000140e+01 0.000000000000000000e+00
9.830819999999999226e+00 4.414029000000000025e+01 6.599999999999999645e+00
9.887610000000000454e+00 4.409561999999999671e+01 0.000000000000000000e+00
1.029124099999999942e+01 4.592750999999999806e+01 4.000000000000000222e-01
1.470166700000000048e+01 4.069722399999999851e+01 3.600036600000000142e+00
1.005422000000000082e+01 4.569633000000000322e+01 0.000000000000000000e+00
1.039707100000000040e+01 4.522535299999999836e+01 0.000000000000000000e+00
1.041406199999999949e+01 4.540276000000000067e+01 0.000000000000000000e+00
1.519999999999999929e+01 4.073333399999999926e+01 9.900024000000000157e+00
8.808298999999999879e+00 4.512147999999999826e+01 0.000000000000000000e+00
1.410556899999999914e+01 4.109261000000000053e+01 3.999633799999999795e-01
9.581635999999999598e+00 4.622931700000000177e+01 0.000000000000000000e+00
1.301694499999999977e+01 4.199972000000000349e+01 0.000000000000000000e+00
1.017540699999999987e+01 4.575389499999999998e+01 0.000000000000000000e+00
1.468083299999999980e+01 4.073444400000000343e+01 3.000000000000000000e+00
1.137083299999999930e+01 4.478222300000000189e+01 0.000000000000000000e+00
8.713737999999999317e+00 4.594458000000000197e+01 0.000000000000000000e+00
9.478611000000000786e+00 4.444194399999999945e+01 0.000000000000000000e+00
9.383874999999999744e+00 4.570479999999999876e+01 0.000000000000000000e+00
9.763068999999999775e+00 4.632146000000000186e+01 2.000000000000000111e-01
7.058333400000000424e+00 4.490555599999999714e+01 0.000000000000000000e+00
9.864048999999999623e+00 4.629149199999999809e+01 2.000000000000000111e-01
9.884491999999999834e+00 4.627022000000000190e+01 2.000000000000000111e-01
1.035481200000000079e+01 4.635016999999999854e+01 5.999999999999999778e-01
9.222302000000000888e+00 4.547322499999999934e+01 0.000000000000000000e+00
7.573055700000000279e+00 4.473027799999999843e+01 0.000000000000000000e+00
9.141787000000000774e+00 4.547606300000000346e+01 0.000000000000000000e+00
1.252086700000000086e+01 4.355328399999999789e+01 1.617000100000000051e+00
9.097410999999999248e+00 4.543610799999999728e+01 0.000000000000000000e+00
1.024596999999999980e+01 4.632705700000000348e+01 2.000000000000000111e-01
9.040062999999999960e+00 4.562622000000000355e+01 0.000000000000000000e+00
1.028111099999999922e+01 4.434111000000000047e+01 0.000000000000000000e+00
9.441667000000000698e+00 4.494194399999999945e+01 0.000000000000000000e+00
9.384686999999999557e+00 4.613813999999999993e+01 0.000000000000000000e+00
1.324138899999999985e+01 4.252619599999999878e+01 0.000000000000000000e+00
1.331416699999999942e+01 4.649499999999999744e+01 0.000000000000000000e+00
9.759128000000000469e+00 4.600185799999999858e+01 2.000000000000000111e-01
1.279638899999999957e+01 4.196582999999999686e+01 0.000000000000000000e+00
1.436277800000000049e+01 4.060638800000000259e+01 4.200012000000000079e+00
9.688959000000000543e+00 4.571591000000000093e+01 0.000000000000000000e+00
1.337527749999999926e+01 4.640277999999999992e+01 0.000000000000000000e+00
9.611738000000000781e+00 4.562055600000000055e+01 0.000000000000000000e+00
1.435638900000000007e+01 4.149750000000000227e+01 0.000000000000000000e+00
1.465638900000000078e+01 4.084000000000000341e+01 3.799987799999999805e+00
1.450694499999999998e+01 4.076111199999999712e+01 3.000000000000000000e+00
9.512098999999999194e+00 4.633222200000000157e+01 2.000000000000000111e-01
9.353483999999999909e+00 4.547258000000000067e+01 0.000000000000000000e+00
7.547221999999999653e+00 4.531527700000000181e+01 0.000000000000000000e+00
1.299972250000000074e+01 4.232194499999999948e+01 0.000000000000000000e+00
1.450166699999999942e+01 4.067360999999999649e+01 3.799926800000000160e+00
9.189111000000000473e+00 4.547165700000000044e+01 0.000000000000000000e+00
1.505046399999999984e+01 4.084787000000000035e+01 4.599975599999999609e+00
9.703944999999999155e+00 4.536630999999999858e+01 0.000000000000000000e+00
1.338027800000000056e+01 4.643722000000000349e+01 0.000000000000000000e+00
1.057499999999999929e+01 4.429361000000000104e+01 0.000000000000000000e+00
9.066971999999999809e+00 4.581503299999999967e+01 0.000000000000000000e+00
1.491388899999999929e+01 4.150750000000000028e+01 1.599975600000000053e+00
8.238611000000000573e+00 4.586166800000000165e+01 0.000000000000000000e+00
1.021846400000000088e+01 4.551456000000000301e+01 0.000000000000000000e+00
1.029912000000000027e+01 4.524954199999999815e+01 0.000000000000000000e+00
9.983888999999999569e+00 4.481389000000000067e+01 0.000000000000000000e+00
7.219444300000000148e+00 4.536249999999999716e+01 0.000000000000000000e+00
1.038929599999999986e+01 4.564605000000000246e+01 0.000000000000000000e+00
1.269472200000000051e+01 4.227111000000000018e+01 0.000000000000000000e+00
1.079556400000000060e+01 4.516056999999999988e+01 0.000000000000000000e+00
1.477341200000000043e+01 4.113398999999999717e+01 3.399963399999999858e+00
1.267777799999999999e+01 4.193194600000000349e+01 0.000000000000000000e+00
1.318638900000000014e+01 4.144055600000000084e+01 0.000000000000000000e+00
1.004383699999999990e+01 4.514253999999999678e+01 0.000000000000000000e+00
8.756970000000000809e+00 4.561924400000000190e+01 0.000000000000000000e+00
1.473888900000000035e+01 4.085833399999999926e+01 3.200073199999999840e+00
9.682221999999999440e+00 4.440611299999999773e+01 1.500000000000000000e+00
1.037274299999999982e+01 4.646511000000000280e+01 2.000000000000000111e-01
9.399950000000000472e+00 4.586375000000000313e+01 2.000000000000000111e-01
1.436250000000000071e+01 4.109749999999999659e+01 1.599975600000000053e+00
1.017331599999999980e+01 4.624408700000000039e+01 8.000000000000000444e-01
9.286409000000000802e+00 4.601582700000000159e+01 2.000000000000000111e-01
9.157733000000000345e+00 4.558313799999999816e+01 2.000000000000000111e-01
9.245808000000000249e+00 4.558862700000000245e+01 0.000000000000000000e+00
1.412835300000000061e+01 4.252805299999999988e+01 0.000000000000000000e+00
8.952897000000000105e+00 4.560784499999999753e+01 0.000000000000000000e+00
9.005200000000000315e+00 4.553557599999999894e+01 0.000000000000000000e+00
9.235068999999999306e+00 4.590514000000000294e+01 0.000000000000000000e+00
1.201694499999999977e+01 4.252527599999999808e+01 2.500000000000000000e+00
7.053055999999999770e+00 4.478055599999999714e+01 0.000000000000000000e+00
8.842164999999999608e+00 4.558289299999999855e+01 0.000000000000000000e+00
9.863393999999999551e+00 4.621670999999999907e+01 4.000000000000000222e-01
9.863056999999999519e+00 4.602443999999999846e+01 2.200000000000000178e+00
1.450458599999999976e+01 4.219947400000000215e+01 0.000000000000000000e+00
1.082393199999999922e+01 4.515798600000000107e+01 0.000000000000000000e+00
1.079004100000000044e+01 4.580682800000000299e+01 0.000000000000000000e+00
1.291499999999999915e+01 4.147444500000000289e+01 0.000000000000000000e+00
1.490889999999999915e+01 4.079440000000000310e+01 5.400024400000000391e+00
1.271944799999999987e+01 4.617360699999999696e+01 0.000000000000000000e+00
1.031551800000000085e+01 4.581136000000000053e+01 2.000000000000000111e-01
1.448472199999999965e+01 4.100583300000000264e+01 2.000000000000000000e+00
1.061688099999999935e+01 4.563641400000000203e+01 0.000000000000000000e+00
1.179638899999999957e+01 4.218639000000000294e+01 0.000000000000000000e+00
9.194354999999999833e+00 4.549007399999999990e+01 0.000000000000000000e+00
1.188111100000000064e+01 4.240666600000000130e+01 0.000000000000000000e+00
1.003847799999999957e+01 4.615827000000000169e+01 8.000000000000000444e-01
8.850243000000000748e+00 4.597169000000000239e+01 0.000000000000000000e+00
8.972630000000000550e+00 4.577306399999999798e+01 0.000000000000000000e+00
1.391436099999999954e+01 4.206870700000000340e+01 0.000000000000000000e+00
1.318648199999999981e+01 4.640013499999999880e+01 0.000000000000000000e+00
9.286915000000000475e+00 4.580352400000000301e+01 2.000000000000000111e-01
9.969993999999999801e+00 4.609651000000000209e+01 1.400000099999999970e+00
1.250833300000000037e+01 4.191499999999999915e+01 0.000000000000000000e+00
1.551750000000000007e+01 4.059499999999999886e+01 0.000000000000000000e+00
1.279638899999999957e+01 4.215250000000000341e+01 0.000000000000000000e+00
9.915148000000000295e+00 4.634980399999999889e+01 2.000000000000000000e+00
1.501424500000000073e+01 4.049699799999999783e+01 2.599975600000000053e+00
1.281333350000000060e+01 4.145750000000000313e+01 0.000000000000000000e+00
9.693284999999999485e+00 4.599338500000000352e+01 2.000000000000000111e-01
1.416275199999999934e+01 4.242370600000000280e+01 0.000000000000000000e+00
9.368831999999999383e+00 4.642312199999999933e+01 2.000000000000000111e-01
1.003166700000000056e+01 4.443416599999999761e+01 1.800781200000000082e+00
9.501131000000000881e+00 4.595949000000000240e+01 0.000000000000000000e+00
1.442794800000000066e+01 4.194227999999999668e+01 0.000000000000000000e+00
9.454959999999999809e+00 4.451447000000000287e+01 0.000000000000000000e+00
1.654444499999999962e+01 3.924722299999999819e+01 0.000000000000000000e+00
8.339389999999999858e+00 4.445176000000000016e+01 0.000000000000000000e+00
1.044271700000000003e+01 4.595749699999999649e+01 4.400000000000000355e+00
1.653750000000000142e+01 3.939999999999999858e+01 0.000000000000000000e+00
9.933127999999999957e+00 4.588094300000000203e+01 1.800000199999999939e+00
9.140799499999999966e+00 4.603777300000000139e+01 0.000000000000000000e+00
1.045219499999999968e+01 4.583859600000000256e+01 4.000000000000000222e-01
7.902222000000000079e+00 4.427777999999999992e+01 0.000000000000000000e+00
9.609253000000000711e+00 4.581474999999999653e+01 5.999999999999999778e-01
8.410510000000000375e+00 4.487176000000000187e+01 0.000000000000000000e+00
6.919166599999999612e+00 4.489472200000000157e+01 0.000000000000000000e+00
9.247839000000000809e+00 4.613215600000000194e+01 8.000000000000000444e-01
7.773888999999999605e+00 4.494444299999999970e+01 0.000000000000000000e+00
8.712322999999999595e+00 4.576639600000000030e+01 0.000000000000000000e+00
1.050034300000000087e+01 4.557983000000000118e+01 0.000000000000000000e+00
1.627499999999999858e+01 4.063472399999999851e+01 0.000000000000000000e+00
1.634388999999999825e+01 3.873361200000000082e+01 0.000000000000000000e+00
1.631250000000000000e+01 3.856611300000000142e+01 0.000000000000000000e+00
1.072092300000000087e+01 4.573262400000000127e+01 0.000000000000000000e+00
1.597361100000000000e+01 3.825277700000000181e+01 0.000000000000000000e+00
1.581444499999999920e+01 3.811110999999999649e+01 0.000000000000000000e+00
1.061740700000000004e+01 4.572995999999999839e+01 0.000000000000000000e+00
1.632555599999999885e+01 3.830138800000000288e+01 0.000000000000000000e+00
1.673055599999999998e+01 3.951389000000000351e+01 0.000000000000000000e+00
9.214074999999999349e+00 4.598771700000000351e+01 0.000000000000000000e+00
8.430555000000000021e+00 4.634722000000000008e+01 0.000000000000000000e+00
7.954166999999999987e+00 4.597361000000000075e+01 5.996093999999999591e-01
8.768815000000000026e+00 4.607182699999999897e+01 0.000000000000000000e+00
8.695833000000000368e+00 4.605833400000000211e+01 0.000000000000000000e+00
7.657222299999999926e+00 4.544360999999999962e+01 5.996093999999999591e-01
1.018709699999999962e+01 4.566779700000000020e+01 0.000000000000000000e+00
7.072777699999999612e+00 4.495916700000000077e+01 0.000000000000000000e+00
7.089999999999999858e+00 4.445583299999999838e+01 0.000000000000000000e+00
9.339202999999999477e+00 4.629151999999999845e+01 0.000000000000000000e+00
7.208333500000000171e+00 4.434166700000000105e+01 0.000000000000000000e+00
7.049999999999999822e+00 4.426111199999999712e+01 0.000000000000000000e+00
7.730555500000000357e+00 4.406944299999999970e+01 0.000000000000000000e+00
9.087922999999999973e+00 4.551780999999999722e+01 0.000000000000000000e+00
7.393055399999999722e+00 4.422416700000000134e+01 0.000000000000000000e+00
9.682487999999999317e+00 4.547736400000000145e+01 0.000000000000000000e+00
8.767777000000000598e+00 4.469471999999999667e+01 0.000000000000000000e+00
9.149722000000000577e+00 4.472611200000000053e+01 0.000000000000000000e+00
9.223860999999999422e+00 4.504448000000000008e+01 0.000000000000000000e+00
9.261212999999999695e+00 4.588564300000000173e+01 0.000000000000000000e+00
8.854409000000000418e+00 4.545806499999999772e+01 0.000000000000000000e+00
1.004157799999999945e+01 4.598116999999999877e+01 3.399999999999999911e+00
1.660166699999999906e+01 4.066944500000000318e+01 0.000000000000000000e+00
1.581083300000000058e+01 4.063277999999999679e+01 0.000000000000000000e+00
1.616224899999999920e+01 3.952400999999999698e+01 0.000000000000000000e+00
1.192891200000000040e+01 4.629588700000000046e+01 1.000000000000000000e+00
1.151100800000000035e+01 4.588342699999999752e+01 0.000000000000000000e+00
1.620083400000000040e+01 3.947444500000000289e+01 0.000000000000000000e+00
1.134330749999999988e+01 4.580132299999999645e+01 0.000000000000000000e+00
1.130843999999999916e+01 4.581551699999999983e+01 0.000000000000000000e+00
1.122512000000000043e+01 4.580698999999999899e+01 8.999023400000000228e-01
1.604166599999999931e+01 3.936110999999999649e+01 0.000000000000000000e+00
1.158811999999999998e+01 4.578414500000000231e+01 0.000000000000000000e+00
1.602777899999999889e+01 3.966111000000000075e+01 0.000000000000000000e+00
1.125603899999999946e+01 4.583331299999999686e+01 6.000976599999999772e-01
1.655972300000000175e+01 3.881444499999999920e+01 0.000000000000000000e+00
1.141482799999999997e+01 4.575097699999999890e+01 0.000000000000000000e+00
1.125910299999999964e+01 4.561982700000000079e+01 0.000000000000000000e+00
1.658194400000000002e+01 3.891250000000000142e+01 0.000000000000000000e+00
1.610277699999999967e+01 3.867360999999999649e+01 0.000000000000000000e+00
1.123766600000000082e+01 4.577777499999999833e+01 0.000000000000000000e+00
1.603777699999999840e+01 4.058944300000000283e+01 0.000000000000000000e+00
1.161226599999999998e+01 4.594933300000000287e+01 0.000000000000000000e+00
7.882658000000000165e+00 4.446488000000000085e+01 0.000000000000000000e+00
6.944166700000000247e+00 4.500972399999999851e+01 0.000000000000000000e+00
1.122552100000000053e+01 4.568039000000000271e+01 0.000000000000000000e+00
1.118131600000000070e+01 4.571889000000000181e+01 0.000000000000000000e+00
7.729166499999999829e+00 4.412749999999999773e+01 0.000000000000000000e+00
7.733055600000000140e+00 4.419305399999999651e+01 0.000000000000000000e+00
1.118479999999999919e+01 4.570400999999999669e+01 0.000000000000000000e+00
1.121365450000000052e+01 4.575778199999999885e+01 0.000000000000000000e+00
1.630277799999999999e+01 3.849166499999999758e+01 0.000000000000000000e+00
1.631944500000000176e+01 3.851666600000000074e+01 0.000000000000000000e+00
1.629166599999999931e+01 3.844444299999999970e+01 0.000000000000000000e+00
1.161748000000000047e+01 4.577436000000000149e+01 0.000000000000000000e+00
1.651944400000000002e+01 3.853611000000000075e+01 0.000000000000000000e+00
1.200575699999999912e+01 4.577150000000000318e+01 0.000000000000000000e+00
1.639527700000000010e+01 3.832721999999999696e+01 0.000000000000000000e+00
1.628611199999999926e+01 3.878417000000000314e+01 0.000000000000000000e+00
1.068714199999999970e+01 4.542427399999999693e+01 0.000000000000000000e+00
1.624444400000000144e+01 3.862472000000000349e+01 0.000000000000000000e+00
1.585055499999999995e+01 3.835750000000000171e+01 0.000000000000000000e+00
1.625777799999999829e+01 3.824222000000000321e+01 0.000000000000000000e+00
1.614305500000000038e+01 3.843777999999999651e+01 0.000000000000000000e+00
1.667749999999999844e+01 3.895166799999999796e+01 0.000000000000000000e+00
1.603083399999999870e+01 3.830805600000000055e+01 0.000000000000000000e+00
1.677972199999999958e+01 3.896888700000000227e+01 0.000000000000000000e+00
1.678305599999999842e+01 3.915972000000000008e+01 0.000000000000000000e+00
1.615333400000000097e+01 3.833222200000000157e+01 0.000000000000000000e+00
1.145476799999999962e+01 4.562061299999999875e+01 0.000000000000000000e+00
1.659638999999999953e+01 3.903027699999999811e+01 0.000000000000000000e+00
1.122635200000000033e+01 4.572572300000000212e+01 0.000000000000000000e+00
7.486024999999999707e+00 4.526879000000000275e+01 0.000000000000000000e+00
7.558610999999999969e+00 4.433444599999999980e+01 0.000000000000000000e+00
1.194673500000000033e+01 4.589855599999999924e+01 0.000000000000000000e+00
1.194469999999999921e+01 4.612827699999999709e+01 0.000000000000000000e+00
1.220180399999999921e+01 4.581683999999999912e+01 0.000000000000000000e+00
1.229031999999999947e+01 4.623166700000000162e+01 2.000000000000000000e+00
1.237831300000000034e+01 4.553738799999999998e+01 0.000000000000000000e+00
1.625555599999999856e+01 3.978611000000000075e+01 0.000000000000000000e+00
1.563888900000000071e+01 3.810278000000000276e+01 0.000000000000000000e+00
1.265882000000000041e+01 4.553585400000000050e+01 0.000000000000000000e+00
1.199930900000000022e+01 4.540838000000000108e+01 0.000000000000000000e+00
1.228305100000000039e+01 4.521813000000000216e+01 0.000000000000000000e+00
1.202444599999999930e+01 4.511638299999999902e+01 0.000000000000000000e+00
1.193262900000000037e+01 4.527656600000000253e+01 0.000000000000000000e+00
1.173017699999999941e+01 4.578504999999999825e+01 0.000000000000000000e+00
1.338059999999999938e+01 4.354330000000000211e+01 0.000000000000000000e+00
1.359329999999999927e+01 4.338360000000000127e+01 0.000000000000000000e+00
1.241476499999999916e+01 4.607748000000000133e+01 2.200000000000000178e+00
1.289394099999999987e+01 4.577566999999999808e+01 0.000000000000000000e+00
1.318919999999999959e+01 4.291190000000000282e+01 0.000000000000000000e+00
1.294668899999999923e+01 4.570490999999999815e+01 0.000000000000000000e+00
1.258851049999999994e+01 4.566841000000000150e+01 0.000000000000000000e+00
1.334309999999999974e+01 4.336419999999999675e+01 0.000000000000000000e+00
1.365161699999999989e+01 4.341521000000000186e+01 0.000000000000000000e+00
1.160648600000000030e+01 4.523456000000000188e+01 0.000000000000000000e+00
1.234189800000000048e+01 4.581168699999999916e+01 0.000000000000000000e+00
7.616176000000000279e+00 4.586820999999999771e+01 3.999023400000000228e-01
1.218664899999999918e+01 4.656783000000000072e+01 1.799987800000000027e+00
1.226449200000000062e+01 4.644201699999999988e+01 6.000976599999999772e-01
1.225959100000000035e+01 4.643263999999999925e+01 8.000030500000000488e-01
1.225878499999999960e+01 4.641698999999999842e+01 1.000000000000000000e+00
1.213987499999999997e+01 4.657036599999999993e+01 7.999878000000000267e-01
1.430055499999999924e+01 3.798749999999999716e+01 0.000000000000000000e+00
7.987499999999999822e+00 4.563027999999999906e+01 1.000000000000000000e+00
1.418722250000000074e+01 3.791583299999999923e+01 0.000000000000000000e+00
1.453416600000000081e+01 3.741805599999999998e+01 0.000000000000000000e+00
1.419472200000000051e+01 3.738221999999999667e+01 0.000000000000000000e+00
1.423249999999999993e+01 3.768527600000000177e+01 0.000000000000000000e+00
7.775000000000000355e+00 4.546166600000000102e+01 0.000000000000000000e+00
1.434666600000000081e+01 3.768194600000000349e+01 0.000000000000000000e+00
7.151388999999999996e+00 4.432361199999999712e+01 0.000000000000000000e+00
1.428972199999999937e+01 3.744805499999999654e+01 0.000000000000000000e+00
8.188610999999999862e+00 4.624472000000000094e+01 0.000000000000000000e+00
